,effect size level random effect (included in all models as residual),year of publication,country in which experimentation took place,plants rooted in a field or in a plant pot,"what scale are results reported at? Are they per pod (e.g. beans per pod), per plant, or per plot (several plants combined)","what scale is the experiment conducted at? Within plant, plant, or larger than plant. NA if unknown. This is effectively a simplified version of n_type",,,,,unique ref of each cultivar in each study,"simplified plant genotype classification - if the cultivar has a name or is described as commercial in the publication it is deemed a commercial cultivar. If the plant genotype has only a reference number and/or is described as a breeding (pre-commercial) line, it is deemed a breeding line.",this is a column where study-level information can go which isn't used in the meta-analysis,this is a column where study-level information can go which isn't used in the meta-analysis,this is year nested within study for studies repeated across more than one year,effect sizes sharing the same control group are assigned the same unique clusterID,effect sizes measured on the same experimental unit are assigned the same multiple-endpoint cluster id.,how many individual plants form an experimental unit?,revised npoll taking into account number of individuals (experimental units * no. individuals per experimental unit),revised nexc taking into account number of individuals (experimental units * no. individuals per experimental unit),yield metric,yield of pollinated plants,sd of pollinated plants,sample size of pollinated plants,yield of excluded plants,sd of excluded plants,sample size of excluded plants,"where there is a shared control problem, how many effect sizes share the common control? (we need to know this in order to divide the shared control n by the number of effect sizes that share the control)","revised n for control group, where nexc is divided by the number of groups in the shared control cluster. In this way, dependence of sampling errors due to shared control clusters is (partially) accounted for.",as nexc_cont but using 'individual' n (redistributed n for column nexc_2),,this is a random effect for shared authors on the papers
studyid,infoid,year,country,rootenviron,resultscale,expscale,bagcontrol,bagcont_checked,poll,cultivar,cultivar_id,cultivar.simple,study.details1,study.details2,studyyear,sharedcontrol_clusterID,multiple_endpoint_clusterID,n_type,npoll_2,nexc_2,response,meanpoll,sdpoll,npoll,meanexc,sdexc,nexc,sharedcontrol_count,nexc_cont,nexc_2_cont,shared.author,
reidel1960,a1,1960,UK,field,perplant,more1,no,y,open,unknown,unknown reidel1960,commercial,,,reidel1960 year1,reidel1960_1,reidel1960_1,NA,NA,NA,beannum,17.2,0,1,13.1,0,1,1,1,NA,reidel,
reidel1960,a2,1960,UK,field,perplant,more1,yes,,honey,unknown,unknown reidel1960,commercial,,,reidel1960 year2,reidel1960_2,reidel1960_2,NA,NA,NA,beannum,17.6,3.290896534,3,13.1,3.290896534,3,2,1.5,NA,reidel,
reidel1960,a3,1960,UK,field,perplant,more1,no,y,open,unknown,unknown reidel1960,commercial,,,reidel1960 year2,reidel1960_2,reidel1960_3,NA,NA,NA,beannum,28.3,3.184336666,6,13.1,3.290896534,3,2,1.5,NA,reidel,
free1966,a4,1966,UK,field,perplant,more1,yes,,honey,broadbeans,broadbeans free1966,commercial,,,free1966 year1,free1966_1,free1966_1,57,456,456,beannum,23.9,NA,8,15.1,NA,8,2,4,228,Free,
free1966,a5,1966,UK,field,perplant,more1,no,y,open,broadbeans,broadbeans free1966,commercial,,,free1966 year1,free1966_1,free1966_3,57,456,456,beannum,41.1,NA,8,15.1,NA,8,2,4,228,Free,
free1966,a6,1966,UK,field,perplant,more1,yes,,honey,broadbeans,broadbeans free1966,commercial,,,free1966 year1,free1966_2,free1966_1,57,456,456,podnum,7.72,NA,8,7.9,NA,8,2,4,228,Free,
free1966,a7,1966,UK,field,perplant,more1,no,y,open,broadbeans,broadbeans free1966,commercial,,,free1966 year1,free1966_2,free1966_3,57,456,456,podnum,11.52,NA,8,7.9,NA,8,2,4,228,Free,
free1966,a8,1966,UK,field,perplant,more1,yes,,honey,broadbeans,broadbeans free1966,commercial,,,free1966 year1,free1966_3,free1966_1,57,456,456,yieldmass,36.7,NA,8,19.3,NA,8,2,4,228,Free,
free1966,a9,1966,UK,field,perplant,more1,no,y,open,broadbeans,broadbeans free1966,commercial,,,free1966 year1,free1966_3,free1966_3,57,456,456,yieldmass,65.9,NA,8,19.3,NA,8,2,4,228,Free,
free1966,a10,1966,UK,field,perplant,more1,yes,,honey,fieldbeans,fieldbeans free1966,commercial,,,free1966 year1,free1966_4,free1966_2,52,312,312,beannum,18.1,NA,6,14.5,NA,6,2,3,156,Free,
free1966,a11,1966,UK,field,perplant,more1,no,y,open,fieldbeans,fieldbeans free1966,commercial,,,free1966 year1,free1966_4,free1966_4,52,312,312,beannum,31.8,NA,6,14.5,NA,6,2,3,156,Free,
free1966,a12,1966,UK,field,perplant,more1,yes,,honey,fieldbeans,fieldbeans free1966,commercial,,,free1966 year1,free1966_5,free1966_2,52,312,312,beanperpod,2.67,NA,6,2.5,NA,6,2,3,156,Free,
free1966,a13,1966,UK,field,perplant,more1,no,y,open,fieldbeans,fieldbeans free1966,commercial,,,free1966 year1,free1966_5,free1966_4,52,312,312,beanperpod,3.08,NA,6,2.5,NA,6,2,3,156,Free,
free1966,a14,1966,UK,field,perplant,more1,yes,,honey,fieldbeans,fieldbeans free1966,commercial,,,free1966 year1,free1966_6,free1966_2,52,312,312,podnum,6.95,NA,6,5.77,NA,6,2,3,156,Free,
free1966,a15,1966,UK,field,perplant,more1,no,y,open,fieldbeans,fieldbeans free1966,commercial,,,free1966 year1,free1966_6,free1966_4,52,312,312,podnum,10.2,NA,6,5.77,NA,6,2,3,156,Free,
free1966,a16,1966,UK,field,perplant,more1,yes,,honey,fieldbeans,fieldbeans free1966,commercial,,,free1966 year1,free1966_7,free1966_2,52,312,312,yieldmass,11.58,NA,6,9.97,NA,6,2,3,156,Free,
free1966,a17,1966,UK,field,perplant,more1,no,y,open,fieldbeans,fieldbeans free1966,commercial,,,free1966 year1,free1966_7,free1966_4,52,312,312,yieldmass,21.38,NA,6,9.97,NA,6,2,3,156,Free,
hanna1967,a18,1967,UK,pot,perplant,1,no,y,open,ch170a,ch170a hanna1967,breeding,,,hanna1967 year1,hanna1967_1,hanna1967_1,1,2,2,beannum,27.8,NA,2,16,NA,2,2,1,1,Hanna,
hanna1967,a19,1967,UK,pot,perplant,1,yes,,tripping,ch170a,ch170a hanna1967,breeding,,,hanna1967 year1,hanna1967_1,hanna1967_10,1,2,2,beannum,16.5,NA,2,16,NA,2,2,1,1,Hanna,
hanna1967,a20,1967,UK,pot,perplant,1,yes,,tripping,ch170b,ch170b hanna1967,breeding,,,hanna1967 year1,hanna1967_2,hanna1967_11,1,2,2,beannum,15.7,NA,2,9.7,NA,2,2,1,1,Hanna,
hanna1967,a21,1967,UK,pot,perplant,1,no,y,open,ch170b,ch170b hanna1967,breeding,,,hanna1967 year1,hanna1967_2,hanna1967_2,1,2,2,beannum,30.5,NA,2,9.7,NA,2,2,1,1,Hanna,
hanna1967,a22,1967,UK,pot,perplant,1,yes,,tripping,ch182,ch182 hanna1967,breeding,,,hanna1967 year1,hanna1967_3,hanna1967_12,1,2,2,beannum,7.9,NA,2,1.1,NA,2,2,1,1,Hanna,
hanna1967,a23,1967,UK,pot,perplant,1,no,y,open,ch182,ch182 hanna1967,breeding,,,hanna1967 year1,hanna1967_3,hanna1967_3,1,2,2,beannum,7.5,NA,2,1.1,NA,2,2,1,1,Hanna,
hanna1967,a24,1967,UK,pot,perplant,1,yes,,tripping,ch401a,ch401a hanna1967,breeding,,,hanna1967 year1,hanna1967_4,hanna1967_13,1,2,2,beannum,16.4,NA,2,3.3,NA,2,2,1,1,Hanna,
hanna1967,a25,1967,UK,pot,perplant,1,no,y,open,ch401a,ch401a hanna1967,breeding,,,hanna1967 year1,hanna1967_4,hanna1967_4,1,2,2,beannum,35.1,NA,2,3.3,NA,2,2,1,1,Hanna,
hanna1967,a26,1967,UK,pot,perplant,1,yes,,tripping,ch401b,ch401b hanna1967,breeding,,,hanna1967 year1,hanna1967_5,hanna1967_14,1,2,2,beannum,12.9,NA,2,6.5,NA,2,2,1,1,Hanna,
hanna1967,a27,1967,UK,pot,perplant,1,no,y,open,ch401b,ch401b hanna1967,breeding,,,hanna1967 year1,hanna1967_5,hanna1967_5,1,2,2,beannum,26.8,NA,2,6.5,NA,2,2,1,1,Hanna,
hanna1967,a28,1967,UK,pot,perplant,1,yes,,tripping,ch413,ch413 hanna1967,breeding,,,hanna1967 year1,hanna1967_6,hanna1967_15,1,2,2,beannum,16.2,NA,2,11.6,NA,2,2,1,1,Hanna,
hanna1967,a29,1967,UK,pot,perplant,1,no,y,open,ch413,ch413 hanna1967,breeding,,,hanna1967 year1,hanna1967_6,hanna1967_6,1,2,2,beannum,26.7,NA,2,11.6,NA,2,2,1,1,Hanna,
hanna1967,a30,1967,UK,pot,perplant,1,yes,,tripping,ch416,ch416 hanna1967,breeding,,,hanna1967 year1,hanna1967_7,hanna1967_16,1,2,2,beannum,12.7,NA,2,20,NA,2,2,1,1,Hanna,
hanna1967,a31,1967,UK,pot,perplant,1,no,y,open,ch416,ch416 hanna1967,breeding,,,hanna1967 year1,hanna1967_7,hanna1967_7,1,2,2,beannum,24.3,NA,2,20,NA,2,2,1,1,Hanna,
hanna1967,a32,1967,UK,pot,perplant,1,yes,,tripping,ch4a,ch4a hanna1967,breeding,,,hanna1967 year1,hanna1967_8,hanna1967_17,1,2,2,beannum,12.7,NA,2,13.4,NA,2,2,1,1,Hanna,
hanna1967,a33,1967,UK,pot,perplant,1,no,y,open,ch4a,ch4a hanna1967,breeding,,,hanna1967 year1,hanna1967_8,hanna1967_8,1,2,2,beannum,27.5,NA,2,13.4,NA,2,2,1,1,Hanna,
hanna1967,a34,1967,UK,pot,perplant,1,yes,,tripping,ch4b,ch4b hanna1967,breeding,,,hanna1967 year1,hanna1967_9,hanna1967_18,1,2,2,beannum,16.3,NA,2,9.3,NA,2,2,1,1,Hanna,
hanna1967,a35,1967,UK,pot,perplant,1,no,y,open,ch4b,ch4b hanna1967,breeding,,,hanna1967 year1,hanna1967_9,hanna1967_9,1,2,2,beannum,32.5,NA,2,9.3,NA,2,2,1,1,Hanna,
hanna1967,a36,1967,UK,pot,perplant,1,no,y,open,ch170a,ch170a hanna1967,breeding,,,hanna1967 year2,hanna1967_10,hanna1967_19,1,2,2,beannum,18.1,NA,2,6.6,NA,2,2,1,1,Hanna,
hanna1967,a37,1967,UK,pot,perplant,1,yes,,tripping,ch170a,ch170a hanna1967,breeding,,,hanna1967 year2,hanna1967_10,hanna1967_26,1,2,2,beannum,10.1,NA,2,6.6,NA,2,2,1,1,Hanna,
hanna1967,a38,1967,UK,pot,perplant,1,no,y,open,ch410,ch410 hanna1967,breeding,,,hanna1967 year2,hanna1967_11,hanna1967_20,1,2,2,beannum,34.4,NA,2,12.6,NA,2,2,1,1,Hanna,
hanna1967,a39,1967,UK,pot,perplant,1,yes,,tripping,ch410,ch410 hanna1967,breeding,,,hanna1967 year2,hanna1967_11,hanna1967_27,1,2,2,beannum,16.5,NA,2,12.6,NA,2,2,1,1,Hanna,
hanna1967,a40,1967,UK,pot,perplant,1,no,y,open,ch418,ch418 hanna1967,breeding,,,hanna1967 year2,hanna1967_12,hanna1967_21,1,2,2,beannum,22.7,NA,2,2.5,NA,2,2,1,1,Hanna,
hanna1967,a41,1967,UK,pot,perplant,1,yes,,tripping,ch418,ch418 hanna1967,breeding,,,hanna1967 year2,hanna1967_12,hanna1967_28,1,2,2,beannum,10.6,NA,2,2.5,NA,2,2,1,1,Hanna,
hanna1967,a42,1967,UK,pot,perplant,1,no,y,open,ch419,ch419 hanna1967,breeding,,,hanna1967 year2,hanna1967_13,hanna1967_22,1,2,2,beannum,19.9,NA,2,6.1,NA,2,2,1,1,Hanna,
hanna1967,a43,1967,UK,pot,perplant,1,yes,,tripping,ch419,ch419 hanna1967,breeding,,,hanna1967 year2,hanna1967_13,hanna1967_29,1,2,2,beannum,14.7,NA,2,6.1,NA,2,2,1,1,Hanna,
hanna1967,a44,1967,UK,pot,perplant,1,no,y,open,ch420,ch420 hanna1967,breeding,,,hanna1967 year2,hanna1967_14,hanna1967_23,1,2,2,beannum,19.7,NA,2,2.8,NA,2,2,1,1,Hanna,
hanna1967,a45,1967,UK,pot,perplant,1,yes,,tripping,ch420,ch420 hanna1967,breeding,,,hanna1967 year2,hanna1967_14,hanna1967_30,1,2,2,beannum,4.6,NA,2,2.8,NA,2,2,1,1,Hanna,
hanna1967,a46,1967,UK,pot,perplant,1,no,y,open,ch421,ch421 hanna1967,breeding,,,hanna1967 year2,hanna1967_15,hanna1967_24,1,2,2,beannum,27.6,NA,2,12.9,NA,2,2,1,1,Hanna,
hanna1967,a47,1967,UK,pot,perplant,1,yes,,tripping,ch421,ch421 hanna1967,breeding,,,hanna1967 year2,hanna1967_15,hanna1967_31,1,2,2,beannum,13.3,NA,2,12.9,NA,2,2,1,1,Hanna,
hanna1967,a48,1967,UK,pot,perplant,1,no,y,open,f1ch170bxch4e,f1ch170bxch4e hanna1967,breeding,,,hanna1967 year2,hanna1967_16,hanna1967_25,1,2,2,beannum,33.5,NA,2,20,NA,2,2,1,1,Hanna,
hanna1967,a49,1967,UK,pot,perplant,1,yes,,tripping,f1ch170bxch4e,f1ch170bxch4e hanna1967,breeding,,,hanna1967 year2,hanna1967_16,hanna1967_32,1,2,2,beannum,9,NA,2,20,NA,2,2,1,1,Hanna,
kendal1975,a50,1975,UK,field,perpod,less1,yes,,bumble,unknown,unknown kendal1975,commercial,,,kendal1975 year1,kendal1975_1,kendal1975_1,<1,NA,NA,beanperpod,3.655757576,NA,33,3.210495568,NA,2027,1,2027,NA,kendal,
kendal1975,a51,1975,UK,field,perpod,less1,yes,,honey,unknown,unknown kendal1975,commercial,,,kendal1975 year1,kendal1975_2,kendal1975_2,<1,NA,NA,beanperpod,3.464807692,NA,52,3.199383325,NA,2027,2,1013.5,NA,kendal,
kendal1975,a52,1975,UK,field,perpod,less1,yes,,tripping,unknown,unknown kendal1975,commercial,,,kendal1975 year1,kendal1975_2,kendal1975_3,<1,NA,NA,beanperpod,3.256618705,NA,139,3.199383325,NA,2027,2,1013.5,NA,kendal,
poulsen1977,a53,1977,UK,NA,perpod,less1,yes,,tripping,closed flower mutant,closed flower mutant poulsen1977,breeding,,,poulsen1977 year1,poulsen1977_1,poulsen1977_1,NA,NA,NA,beanperpod,1.3,NA,10,1,NA,10,1,10,NA,bond,
poulsen1977,a54,1977,UK,NA,perpod,less1,yes,,tripping,closed flower mutant,closed flower mutant poulsen1977,breeding,,,poulsen1977 year1,poulsen1977_2,poulsen1977_1,NA,NA,NA,podnum,3,NA,10,1,NA,10,1,10,NA,bond,
frusciante1980,a55,1980,Italy,field,perplot,more1,yes,,honey,minor other poll in previous generation,minor other poll in previous generation frusciante1980,breeding,,,frusciante1980 year1,frusciante1980_1,frusciante1980_1,NA,NA,NA,yieldmass,1096,NA,4,658,NA,4,2,2,NA,frusciante,
frusciante1980,a56,1980,Italy,field,perplot,more1,no,,open,minor other poll in previous generation,minor other poll in previous generation frusciante1980,breeding,,,frusciante1980 year1,frusciante1980_1,frusciante1980_3,NA,NA,NA,yieldmass,1045,NA,4,658,NA,4,2,2,NA,frusciante,
frusciante1980,a57,1980,Italy,field,perplot,more1,yes,,honey,minor selfed in previous generation,minor selfed in previous generation frusciante1980,breeding,,,frusciante1980 year1,frusciante1980_2,frusciante1980_2,NA,NA,NA,yieldmass,726,NA,4,259,NA,4,2,2,NA,frusciante,
frusciante1980,a58,1980,Italy,field,perplot,more1,no,,open,minor selfed in previous generation,minor selfed in previous generation frusciante1980,breeding,,,frusciante1980 year1,frusciante1980_2,frusciante1980_4,NA,NA,NA,yieldmass,715,NA,4,259,NA,4,2,2,NA,frusciante,
stoddard1986,a59,1986,Australia,field,perpod,more1,no,,open,fiord,fiord stoddard1986,commercial,wet,,stoddard1986 year1,stoddard1986_1,stoddard1986_1,20,80,80,beanperpod,2.1,NA,4,1.88,NA,4,1,4,80,Stoddard,
stoddard1986,a60,1986,Australia,field,perpod,more1,no,,open,fiord,fiord stoddard1987,commercial,dry,,stoddard1986 year1,stoddard1986_2,stoddard1986_2,20,80,80,beanperpod,1.86,NA,4,1.76,NA,4,1,4,80,Stoddard,
stoddard1986,a61,1986,Australia,field,perplant,more1,no,,open,fiord,fiord stoddard1988,commercial,wet,,stoddard1986 year1,stoddard1986_1,stoddard1986_3,20,80,80,podnum,10.9,NA,4,7.6,NA,4,1,4,80,Stoddard,
stoddard1986,a62,1986,Australia,field,perplant,more1,no,,open,fiord,fiord stoddard1989,commercial,dry,,stoddard1986 year1,stoddard1986_2,stoddard1986_4,20,80,80,podnum,10,NA,4,4.3,NA,4,1,4,80,Stoddard,
stoddard1986,a63,1986,Australia,field,perplant,more1,no,,open,fiord,fiord stoddard1990,commercial,wet,,stoddard1986 year1,stoddard1986_1,stoddard1986_5,20,80,80,beannum,22.9,NA,4,14.4,NA,4,1,4,80,Stoddard,
stoddard1986,a64,1986,Australia,field,perplant,more1,no,,open,fiord,fiord stoddard1991,commercial,dry,,stoddard1986 year1,stoddard1986_2,stoddard1986_6,20,80,80,beannum,18.6,NA,4,7.5,NA,4,1,4,80,Stoddard,
dekhuijzen1988,a65,1988,Netherlands,pot,perplant,1,yes,,hand,minica,minica dekhuijzen1988,commercial,,,dekhuijzen1988 year1,dekhuijzen1988_1,dekhuijzen1988_1,1,3,3,beannum,51,11.7,3,48,6.6,3,1,3,3,dekhuijzen,
dekhuijzen1988,a66,1988,Netherlands,pot,perplant,1,yes,,hand,minica,minica dekhuijzen1988,commercial,,,dekhuijzen1988 year1,dekhuijzen1988_2,dekhuijzen1988_1,1,3,3,podnum,12.3,2.1,3,16.3,2.3,3,1,3,3,dekhuijzen,
dekhuijzen1988,a67,1988,Netherlands,pot,perplant,1,yes,,hand,minica,minica dekhuijzen1988,commercial,,,dekhuijzen1988 year1,dekhuijzen1988_3,dekhuijzen1988_1,1,3,3,yieldmass,18.3,3.1,3,19,4.4,3,1,3,3,dekhuijzen,
mesquida1990,a68,1990,France,field,perplant,more1,yes,,bumble,d23 autosterile,d23 autosterile mesquida1990,breeding,,,mesquida1990 year1,mesquida1990_1,mesquida1990_1,20,60,60,beannum,80.2,9.872689603,3,8.6,0.519615242,3,4,0.75,15,Medquida,
mesquida1990,a69,1990,France,field,perplant,more1,yes,,tripping,d23 autosterile,d23 autosterile mesquida1990,breeding,,,mesquida1990 year1,mesquida1990_1,mesquida1990_3,20,60,60,beannum,71.9,10.39230485,3,8.6,0.519615242,3,4,0.75,15,Medquida,
mesquida1990,a70,1990,France,field,perplant,more1,yes,,honey,d23 autosterile,d23 autosterile mesquida1990,breeding,,,mesquida1990 year1,mesquida1990_1,mesquida1990_5,20,60,60,beannum,69.4,10.91192009,3,8.6,0.519615242,3,4,0.75,15,Medquida,
mesquida1990,a71,1990,France,field,perplant,more1,no,y,open,d23 autosterile,d23 autosterile mesquida1990,breeding,,,mesquida1990 year1,mesquida1990_1,mesquida1990_7,20,60,60,beannum,78.2,8.140638796,3,8.6,0.519615242,3,4,0.75,15,Medquida,
mesquida1990,a72,1990,France,field,perplant,more1,yes,,bumble,d23 autosterile,d23 autosterile mesquida1990,breeding,,,mesquida1990 year1,mesquida1990_2,mesquida1990_1,20,60,60,yieldmass,33.5,3.983716857,3,5.7,0.346410162,3,4,0.75,15,Medquida,
mesquida1990,a73,1990,France,field,perplant,more1,yes,,tripping,d23 autosterile,d23 autosterile mesquida1990,breeding,,,mesquida1990 year1,mesquida1990_2,mesquida1990_3,20,60,60,yieldmass,32.7,3.637306696,3,5.7,0.346410162,3,4,0.75,15,Medquida,
mesquida1990,a74,1990,France,field,perplant,more1,yes,,honey,d23 autosterile,d23 autosterile mesquida1990,breeding,,,mesquida1990 year1,mesquida1990_2,mesquida1990_5,20,60,60,yieldmass,31.1,4.849742261,3,5.7,0.346410162,3,4,0.75,15,Medquida,
mesquida1990,a75,1990,France,field,perplant,more1,no,y,open,d23 autosterile,d23 autosterile mesquida1990,breeding,,,mesquida1990 year1,mesquida1990_2,mesquida1990_7,20,60,60,yieldmass,30.2,4.156921938,3,5.7,0.346410162,3,4,0.75,15,Medquida,
mesquida1990,a76,1990,France,field,perplant,more1,yes,,bumble,d23 autosterile,d23 autosterile mesquida1990,breeding,,,mesquida1990 year1,mesquida1990_5,mesquida1990_1,20,60,60,beanperpod,3.12,0.155884573,3,2.25,0.190525589,3,4,0.75,15,Medquida,
mesquida1990,a77,1990,France,field,perplant,more1,yes,,tripping,d23 autosterile,d23 autosterile mesquida1990,breeding,,,mesquida1990 year1,mesquida1990_5,mesquida1990_3,20,60,60,beanperpod,2.77,0.398371686,3,2.25,0.190525589,3,4,0.75,15,Medquida,
mesquida1990,a78,1990,France,field,perplant,more1,yes,,honey,d23 autosterile,d23 autosterile mesquida1990,breeding,,,mesquida1990 year1,mesquida1990_5,mesquida1990_5,20,60,60,beanperpod,2.83,0.277128129,3,2.25,0.190525589,3,4,0.75,15,Medquida,
mesquida1990,a79,1990,France,field,perplant,more1,no,y,open,d23 autosterile,d23 autosterile mesquida1990,breeding,,,mesquida1990 year1,mesquida1990_5,mesquida1990_7,20,60,60,beanperpod,3.01,0.346410162,3,2.25,0.190525589,3,4,0.75,15,Medquida,
mesquida1990,a80,1990,France,field,perplant,more1,yes,,bumble,d27 autofertile,d27 autofertile mesquida1990,breeding,,,mesquida1990 year1,mesquida1990_3,mesquida1990_2,20,60,60,beannum,80,18.70614872,3,90.9,16.28127759,3,4,0.75,15,Medquida,
mesquida1990,a81,1990,France,field,perplant,more1,yes,,tripping,d27 autofertile,d27 autofertile mesquida1990,breeding,,,mesquida1990 year1,mesquida1990_3,mesquida1990_4,20,60,60,beannum,94.4,9.872689603,3,90.9,16.28127759,3,4,0.75,15,Medquida,
mesquida1990,a82,1990,France,field,perplant,more1,yes,,honey,d27 autofertile,d27 autofertile mesquida1990,breeding,,,mesquida1990 year1,mesquida1990_3,mesquida1990_6,20,60,60,beannum,73.3,11.25833025,3,90.9,16.28127759,3,4,0.75,15,Medquida,
mesquida1990,a83,1990,France,field,perplant,more1,no,y,open,d27 autofertile,d27 autofertile mesquida1990,breeding,,,mesquida1990 year1,mesquida1990_3,mesquida1990_8,20,60,60,beannum,79.5,9.353074361,3,90.9,16.28127759,3,4,0.75,15,Medquida,
mesquida1990,a84,1990,France,field,perplant,more1,yes,,bumble,d27 autofertile,d27 autofertile mesquida1990,breeding,,,mesquida1990 year1,mesquida1990_4,mesquida1990_2,20,60,60,yieldmass,33.3,8.487048957,3,39.9,6.062177826,3,4,0.75,15,Medquida,
mesquida1990,a85,1990,France,field,perplant,more1,yes,,tripping,d27 autofertile,d27 autofertile mesquida1990,breeding,,,mesquida1990 year1,mesquida1990_4,mesquida1990_4,20,60,60,yieldmass,41.1,4.67653718,3,39.9,6.062177826,3,4,0.75,15,Medquida,
mesquida1990,a86,1990,France,field,perplant,more1,yes,,honey,d27 autofertile,d27 autofertile mesquida1990,breeding,,,mesquida1990 year1,mesquida1990_4,mesquida1990_6,20,60,60,yieldmass,31.6,7.274613392,3,39.9,6.062177826,3,4,0.75,15,Medquida,
mesquida1990,a87,1990,France,field,perplant,more1,no,y,open,d27 autofertile,d27 autofertile mesquida1990,breeding,,,mesquida1990 year1,mesquida1990_4,mesquida1990_8,20,60,60,yieldmass,31.6,0.346410162,3,39.9,6.062177826,3,4,0.75,15,Medquida,
mesquida1990,a88,1990,France,field,perplant,more1,yes,,bumble,d27 autofertile,d27 autofertile mesquida1990,breeding,,,mesquida1990 year1,mesquida1990_6,mesquida1990_2,20,60,60,beanperpod,3.28,0.173205081,3,3.08,0.155884573,3,4,0.75,15,Medquida,
mesquida1990,a89,1990,France,field,perplant,more1,yes,,tripping,d27 autofertile,d27 autofertile mesquida1990,breeding,,,mesquida1990 year1,mesquida1990_6,mesquida1990_4,20,60,60,beanperpod,3.38,0.173205081,3,3.08,0.155884573,3,4,0.75,15,Medquida,
mesquida1990,a90,1990,France,field,perplant,more1,yes,,honey,d27 autofertile,d27 autofertile mesquida1990,breeding,,,mesquida1990 year1,mesquida1990_6,mesquida1990_6,20,60,60,beanperpod,3.33,0.069282032,3,3.08,0.155884573,3,4,0.75,15,Medquida,
mesquida1990,a91,1990,France,field,perplant,more1,no,y,open,d27 autofertile,d27 autofertile mesquida1990,breeding,,,mesquida1990 year1,mesquida1990_6,mesquida1990_8,20,60,60,beanperpod,2.97,0.329089653,3,3.08,0.155884573,3,4,0.75,15,Medquida,
varis1990,a92,1990,Finland,field,perplant,more1,yes,,honey,mikko,mikko varis1990,commercial,,,varis1990 year1,varis1990_1,varis1990_1,5,15,15,beannum,28.8,NA,3,16.2,NA,3,2,1.5,7.5,varis,
varis1990,a93,1990,Finland,field,perplant,more1,no,y,open,mikko,mikko varis1990,commercial,,,varis1990 year1,varis1990_1,varis1990_2,5,15,15,beannum,28.9,NA,3,16.2,NA,3,2,1.5,7.5,varis,
varis1990,a94,1990,Finland,field,perplant,more1,yes,,honey,mikko,mikko varis1990,commercial,,,varis1990 year1,varis1990_2,varis1990_1,5,15,15,podnum,7.2,NA,3,5.8,NA,3,2,1.5,7.5,varis,
varis1990,a95,1990,Finland,field,perplant,more1,no,y,open,mikko,mikko varis1990,commercial,,,varis1990 year1,varis1990_2,varis1990_2,5,15,15,podnum,9.7,NA,3,5.8,NA,3,2,1.5,7.5,varis,
varis1990,a96,1990,Finland,field,perplot,more1,yes,,honey,mikko,mikko varis1990,commercial,,,varis1990 year1,varis1990_3,varis1990_1,1,3,3,yieldmass,1875,NA,3,1623.8,NA,3,2,1.5,1.5,varis,
varis1990,a97,1990,Finland,field,perplot,more1,no,y,open,mikko,mikko varis1990,commercial,,,varis1990 year1,varis1990_3,varis1990_2,1,3,3,yieldmass,3567,NA,3,1623.8,NA,3,2,1.5,1.5,varis,
varis1990,a98,1990,Finland,field,perpod,more1,yes,,honey,mikko,mikko varis1990,commercial,,,varis1990 year1,varis1990_7,varis1990_1,5,15,15,beanperpod,3.2,NA,3,2.7,NA,3,2,1.5,7.5,varis,
varis1990,a99,1990,Finland,field,perpod,more1,no,y,open,mikko,mikko varis1990,commercial,,,varis1990 year1,varis1990_7,varis1990_2,5,15,15,beanperpod,3,NA,3,2.7,NA,3,2,1.5,7.5,varis,
varis1990,a100,1990,Finland,field,perplant,more1,yes,,honey,mikko,mikko varis1990,commercial,,,varis1990 year2,varis1990_4,varis1990_3,5,15,15,beannum,9.9,NA,3,3.1,NA,3,3,1,5,varis,
varis1990,a101,1990,Finland,field,perplant,more1,no,y,open,mikko,mikko varis1990,commercial,,,varis1990 year2,varis1990_4,varis1990_4,5,15,15,beannum,12,NA,3,3.1,NA,3,3,1,5,varis,
varis1990,a102,1990,Finland,field,perplant,more1,semi,,open,mikko,mikko varis1990,commercial,,,varis1990 year2,varis1990_4,varis1990_5,5,15,15,beannum,12.1,NA,3,3.1,NA,3,3,1,5,varis,
varis1990,a103,1990,Finland,field,perplant,more1,yes,,honey,mikko,mikko varis1990,commercial,,,varis1990 year2,varis1990_5,varis1990_3,5,15,15,podnum,3.4,NA,3,1.4,NA,3,3,1,5,varis,
varis1990,a104,1990,Finland,field,perplant,more1,no,y,open,mikko,mikko varis1990,commercial,,,varis1990 year2,varis1990_5,varis1990_4,5,15,15,podnum,4.1,NA,3,1.4,NA,3,3,1,5,varis,
varis1990,a105,1990,Finland,field,perplant,more1,semi,,open,mikko,mikko varis1990,commercial,,,varis1990 year2,varis1990_5,varis1990_5,5,15,15,podnum,3.5,NA,3,1.4,NA,3,3,1,5,varis,
varis1990,a106,1990,Finland,field,perplot,more1,yes,,honey,mikko,mikko varis1990,commercial,,,varis1990 year2,varis1990_6,varis1990_3,1,3,3,yieldmass,114.8,NA,3,46.8,NA,3,3,1,1,varis,
varis1990,a107,1990,Finland,field,perplot,more1,no,y,open,mikko,mikko varis1990,commercial,,,varis1990 year2,varis1990_6,varis1990_4,1,3,3,yieldmass,399.2,NA,3,46.8,NA,3,3,1,1,varis,
varis1990,a108,1990,Finland,field,perplot,more1,semi,,open,mikko,mikko varis1990,commercial,,,varis1990 year2,varis1990_6,varis1990_5,1,3,3,yieldmass,273,NA,3,46.8,NA,3,3,1,1,varis,
varis1990,a109,1990,Finland,field,perpod,more1,yes,,honey,mikko,mikko varis1990,commercial,,,varis1990 year2,varis1990_8,varis1990_3,5,15,15,beanperpod,2.9,NA,3,2.3,NA,3,3,1,5,varis,
varis1990,a110,1990,Finland,field,perpod,more1,no,y,open,mikko,mikko varis1990,commercial,,,varis1990 year2,varis1990_8,varis1990_4,5,15,15,beanperpod,2.9,NA,3,2.3,NA,3,3,1,5,varis,
varis1990,a111,1990,Finland,field,perpod,more1,semi,,open,mikko,mikko varis1990,commercial,,,varis1990 year2,varis1990_8,varis1990_5,5,15,15,beanperpod,3.4,NA,3,2.3,NA,3,3,1,5,varis,
leguen1993,a112,1993,France,field,perplant,more1,yes,,bumble,d23 autosterile,d23 autosterile leguen1993,breeding,B lapidarius,,leguen1993 year1,leguen1993_1,leguen1993_1,5,15,15,beannum,108.8,NA,3,23.3,NA,3,5,0.6,3,Medquida,
leguen1993,a113,1993,France,field,perplant,more1,yes,,bumble,d23 autosterile,d23 autosterile leguen1993,breeding,B pascuorum,,leguen1993 year1,leguen1993_1,leguen1993_3,5,15,15,beannum,112.3,NA,3,23.3,NA,3,5,0.6,3,Medquida,
leguen1993,a114,1993,France,field,perplant,more1,yes,,bumble,d23 autosterile,d23 autosterile leguen1993,breeding,B hortorum,,leguen1993 year1,leguen1993_1,leguen1993_5,5,15,15,beannum,129.2,NA,3,23.3,NA,3,5,0.6,3,Medquida,
leguen1993,a115,1993,France,field,perplant,more1,yes,,tripping,d23 autosterile,d23 autosterile leguen1993,breeding,,,leguen1993 year1,leguen1993_1,leguen1993_7,5,15,15,beannum,78.7,NA,3,23.3,NA,3,5,0.6,3,Medquida,
leguen1993,a116,1993,France,field,perplant,more1,no,y,open,d23 autosterile,d23 autosterile leguen1993,breeding,,,leguen1993 year1,leguen1993_1,leguen1993_9,5,15,15,beannum,57.1,NA,3,23.3,NA,3,5,0.6,3,Medquida,
leguen1993,a117,1993,France,field,perplant,more1,yes,,bumble,d23 autosterile,d23 autosterile leguen1993,breeding,B lapidarius,,leguen1993 year1,leguen1993_2,leguen1993_1,5,15,15,yieldmass,37,NA,3,12,NA,3,5,0.6,3,Medquida,
leguen1993,a118,1993,France,field,perplant,more1,yes,,bumble,d23 autosterile,d23 autosterile leguen1993,breeding,B pascuorum,,leguen1993 year1,leguen1993_2,leguen1993_3,5,15,15,yieldmass,41.7,NA,3,12,NA,3,5,0.6,3,Medquida,
leguen1993,a119,1993,France,field,perplant,more1,yes,,bumble,d23 autosterile,d23 autosterile leguen1993,breeding,B hortorum,,leguen1993 year1,leguen1993_2,leguen1993_5,5,15,15,yieldmass,46,NA,3,12,NA,3,5,0.6,3,Medquida,
leguen1993,a120,1993,France,field,perplant,more1,yes,,tripping,d23 autosterile,d23 autosterile leguen1993,breeding,,,leguen1993 year1,leguen1993_2,leguen1993_7,5,15,15,yieldmass,34.2,NA,3,12,NA,3,5,0.6,3,Medquida,
leguen1993,a121,1993,France,field,perplant,more1,no,y,open,d23 autosterile,d23 autosterile leguen1993,breeding,,,leguen1993 year1,leguen1993_2,leguen1993_9,5,15,15,yieldmass,19.7,NA,3,12,NA,3,5,0.6,3,Medquida,
leguen1993,a122,1993,France,field,perplant,more1,yes,,bumble,d27 autofertile,d27 autofertile leguen1993,breeding,B lapidarius,,leguen1993 year1,leguen1993_3,leguen1993_2,5,15,15,beannum,117.1,NA,3,89.8,NA,3,5,0.6,3,Medquida,
leguen1993,a123,1993,France,field,perplant,more1,yes,,bumble,d27 autofertile,d27 autofertile leguen1993,breeding,B pascuorum,,leguen1993 year1,leguen1993_3,leguen1993_4,5,15,15,beannum,107.7,NA,3,89.8,NA,3,5,0.6,3,Medquida,
leguen1993,a124,1993,France,field,perplant,more1,yes,,bumble,d27 autofertile,d27 autofertile leguen1993,breeding,B hortorum,,leguen1993 year1,leguen1993_3,leguen1993_6,5,15,15,beannum,114.6,NA,3,89.8,NA,3,5,0.6,3,Medquida,
leguen1993,a125,1993,France,field,perplant,more1,yes,,tripping,d27 autofertile,d27 autofertile leguen1993,breeding,,,leguen1993 year1,leguen1993_3,leguen1993_8,5,15,15,beannum,110.1,NA,3,89.8,NA,3,5,0.6,3,Medquida,
leguen1993,a126,1993,France,field,perplant,more1,no,y,open,d27 autofertile,d27 autofertile leguen1993,breeding,,,leguen1993 year1,leguen1993_3,leguen1993_10,5,15,15,beannum,70.5,NA,3,89.8,NA,3,5,0.6,3,Medquida,
leguen1993,a127,1993,France,field,perplant,more1,yes,,bumble,d27 autofertile,d27 autofertile leguen1993,breeding,,,leguen1993 year1,leguen1993_4,leguen1993_2,5,15,15,yieldmass,45,NA,3,37.3,NA,3,5,0.6,3,Medquida,
leguen1993,a128,1993,France,field,perplant,more1,yes,,bumble,d27 autofertile,d27 autofertile leguen1993,breeding,B lapidarius,,leguen1993 year1,leguen1993_4,leguen1993_4,5,15,15,yieldmass,44.3,NA,3,37.3,NA,3,5,0.6,3,Medquida,
leguen1993,a129,1993,France,field,perplant,more1,yes,,bumble,d27 autofertile,d27 autofertile leguen1993,breeding,B pascuorum,,leguen1993 year1,leguen1993_4,leguen1993_6,5,15,15,yieldmass,45.9,NA,3,37.3,NA,3,5,0.6,3,Medquida,
leguen1993,a130,1993,France,field,perplant,more1,yes,,tripping,d27 autofertile,d27 autofertile leguen1993,breeding,B hortorum,,leguen1993 year1,leguen1993_4,leguen1993_8,5,15,15,yieldmass,45,NA,3,37.3,NA,3,5,0.6,3,Medquida,
leguen1993,a131,1993,France,field,perplant,more1,no,y,open,d27 autofertile,d27 autofertile leguen1993,breeding,,,leguen1993 year1,leguen1993_4,leguen1993_10,5,15,15,yieldmass,30,NA,3,37.3,NA,3,5,0.6,3,Medquida,
koltowski1996,a132,1996,Poland,field,perpod,more1,no,y,open,dino,dino koltowski1996,commercial,,,koltowski1996 year1,koltowski1996_1,koltowski1996_1,39,156,156,beanperpod,2.5,NA,4,2.27,NA,4,1,4,156,koltowski,
koltowski1996,a133,1996,Poland,field,perplot,more1,no,y,open,dino,dino koltowski1996,commercial,,,koltowski1996 year1,koltowski1996_16,koltowski1996_1,39,156,156,yieldmass,559,NA,4,425,NA,4,1,4,156,koltowski,
koltowski1996,a134,1996,Poland,field,perplot,more1,no,y,open,dino,dino koltowski1996,commercial,,,koltowski1996 year1,koltowski1996_31,koltowski1996_1,39,156,156,beannum,956,NA,4,622,NA,4,1,4,156,koltowski,
koltowski1996,a135,1996,Poland,field,perplot,more1,no,y,open,dino,dino koltowski1996,commercial,,,koltowski1996 year1,koltowski1996_46,koltowski1996_1,39,156,156,podnum,382,NA,4,274,NA,4,1,4,156,koltowski,
koltowski1996,a136,1996,Poland,field,perpod,more1,no,y,open,grot,grot koltowski1996,commercial,,,koltowski1996 year1,koltowski1996_3,koltowski1996_3,39,156,156,beanperpod,2.91,NA,4,2.53,NA,4,1,4,156,koltowski,
koltowski1996,a137,1996,Poland,field,perplot,more1,no,y,open,grot,grot koltowski1996,commercial,,,koltowski1996 year1,koltowski1996_18,koltowski1996_3,39,156,156,yieldmass,484,NA,4,362,NA,4,1,4,156,koltowski,
koltowski1996,a138,1996,Poland,field,perplot,more1,no,y,open,grot,grot koltowski1996,commercial,,,koltowski1996 year1,koltowski1996_33,koltowski1996_3,39,156,156,beannum,979,NA,4,577,NA,4,1,4,156,koltowski,
koltowski1996,a139,1996,Poland,field,perplot,more1,no,y,open,grot,grot koltowski1996,commercial,,,koltowski1996 year1,koltowski1996_48,koltowski1996_3,39,156,156,podnum,335,NA,4,228,NA,4,1,4,156,koltowski,
koltowski1996,a140,1996,Poland,field,perpod,more1,no,y,open,gryf,gryf koltowski1996,commercial,,,koltowski1996 year1,koltowski1996_5,koltowski1996_5,39,156,156,beanperpod,2.84,NA,4,2.49,NA,4,1,4,156,koltowski,
koltowski1996,a141,1996,Poland,field,perplot,more1,no,y,open,gryf,gryf koltowski1996,commercial,,,koltowski1996 year1,koltowski1996_20,koltowski1996_5,39,156,156,yieldmass,498,NA,4,373,NA,4,1,4,156,koltowski,
koltowski1996,a142,1996,Poland,field,perplot,more1,no,y,open,gryf,gryf koltowski1996,commercial,,,koltowski1996 year1,koltowski1996_35,koltowski1996_5,39,156,156,beannum,956,NA,4,607,NA,4,1,4,156,koltowski,
koltowski1996,a143,1996,Poland,field,perplot,more1,no,y,open,gryf,gryf koltowski1996,commercial,,,koltowski1996 year1,koltowski1996_50,koltowski1996_5,39,156,156,podnum,337,NA,4,245,NA,4,1,4,156,koltowski,
koltowski1996,a144,1996,Poland,field,perpod,more1,no,y,open,nadw,nadw koltowski1996,commercial,,,koltowski1996 year1,koltowski1996_4,koltowski1996_4,39,156,156,beanperpod,2.94,NA,4,2.59,NA,4,1,4,156,koltowski,
koltowski1996,a145,1996,Poland,field,perplot,more1,no,y,open,nadw,nadw koltowski1996,commercial,,,koltowski1996 year1,koltowski1996_19,koltowski1996_4,39,156,156,yieldmass,509,NA,4,417,NA,4,1,4,156,koltowski,
koltowski1996,a146,1996,Poland,field,perplot,more1,no,y,open,nadw,nadw koltowski1996,commercial,,,koltowski1996 year1,koltowski1996_34,koltowski1996_4,39,156,156,beannum,1025,NA,4,680,NA,4,1,4,156,koltowski,
koltowski1996,a147,1996,Poland,field,perplot,more1,no,y,open,nadw,nadw koltowski1996,commercial,,,koltowski1996 year1,koltowski1996_49,koltowski1996_4,39,156,156,podnum,350,NA,4,263,NA,4,1,4,156,koltowski,
koltowski1996,a148,1996,Poland,field,perpod,more1,no,y,open,stego,stego koltowski1996,commercial,,,koltowski1996 year1,koltowski1996_2,koltowski1996_2,39,156,156,beanperpod,2.52,NA,4,2.16,NA,4,1,4,156,koltowski,
koltowski1996,a149,1996,Poland,field,perplot,more1,no,y,open,stego,stego koltowski1996,commercial,,,koltowski1996 year1,koltowski1996_17,koltowski1996_2,39,156,156,yieldmass,524,NA,4,368,NA,4,1,4,156,koltowski,
koltowski1996,a150,1996,Poland,field,perplot,more1,no,y,open,stego,stego koltowski1996,commercial,,,koltowski1996 year1,koltowski1996_32,koltowski1996_2,39,156,156,beannum,892,NA,4,531,NA,4,1,4,156,koltowski,
koltowski1996,a151,1996,Poland,field,perplot,more1,no,y,open,stego,stego koltowski1996,commercial,,,koltowski1996 year1,koltowski1996_47,koltowski1996_2,39,156,156,podnum,354,NA,4,247,NA,4,1,4,156,koltowski,
koltowski1996,a152,1996,Poland,field,perpod,more1,no,y,open,dino,dino koltowski1996,commercial,,,koltowski1996 year2,koltowski1996_6,koltowski1996_6,39,156,156,beanperpod,2.24,NA,4,2.26,NA,4,1,4,156,koltowski,
koltowski1996,a153,1996,Poland,field,perplot,more1,no,y,open,dino,dino koltowski1996,commercial,,,koltowski1996 year2,koltowski1996_21,koltowski1996_6,39,156,156,yieldmass,380,NA,4,320,NA,4,1,4,156,koltowski,
koltowski1996,a154,1996,Poland,field,perplot,more1,no,y,open,dino,dino koltowski1996,commercial,,,koltowski1996 year2,koltowski1996_36,koltowski1996_6,39,156,156,beannum,750,NA,4,548,NA,4,1,4,156,koltowski,
koltowski1996,a155,1996,Poland,field,perplot,more1,no,y,open,dino,dino koltowski1996,commercial,,,koltowski1996 year2,koltowski1996_51,koltowski1996_6,39,156,156,podnum,331,NA,4,243,NA,4,1,4,156,koltowski,
koltowski1996,a156,1996,Poland,field,perpod,more1,no,y,open,grot,grot koltowski1996,commercial,,,koltowski1996 year2,koltowski1996_8,koltowski1996_8,39,156,156,beanperpod,2.84,NA,4,2.56,NA,4,1,4,156,koltowski,
koltowski1996,a157,1996,Poland,field,perplot,more1,no,y,open,grot,grot koltowski1996,commercial,,,koltowski1996 year2,koltowski1996_23,koltowski1996_8,39,156,156,yieldmass,362,NA,4,203,NA,4,1,4,156,koltowski,
koltowski1996,a158,1996,Poland,field,perplot,more1,no,y,open,grot,grot koltowski1996,commercial,,,koltowski1996 year2,koltowski1996_38,koltowski1996_8,39,156,156,beannum,723,NA,4,354,NA,4,1,4,156,koltowski,
koltowski1996,a159,1996,Poland,field,perplot,more1,no,y,open,grot,grot koltowski1996,commercial,,,koltowski1996 year2,koltowski1996_53,koltowski1996_8,39,156,156,podnum,254,NA,4,138,NA,4,1,4,156,koltowski,
koltowski1996,a160,1996,Poland,field,perpod,more1,no,y,open,nadw,nadw koltowski1996,commercial,,,koltowski1996 year2,koltowski1996_9,koltowski1996_9,39,156,156,beanperpod,2.73,NA,4,2.49,NA,4,1,4,156,koltowski,
koltowski1996,a161,1996,Poland,field,perplot,more1,no,y,open,nadw,nadw koltowski1996,commercial,,,koltowski1996 year2,koltowski1996_24,koltowski1996_9,39,156,156,yieldmass,395,NA,4,201,NA,4,1,4,156,koltowski,
koltowski1996,a162,1996,Poland,field,perplot,more1,no,y,open,nadw,nadw koltowski1996,commercial,,,koltowski1996 year2,koltowski1996_39,koltowski1996_9,39,156,156,beannum,775,NA,4,364,NA,4,1,4,156,koltowski,
koltowski1996,a163,1996,Poland,field,perplot,more1,no,y,open,nadw,nadw koltowski1996,commercial,,,koltowski1996 year2,koltowski1996_54,koltowski1996_9,39,156,156,podnum,284,NA,4,146,NA,4,1,4,156,koltowski,
koltowski1996,a164,1996,Poland,field,perpod,more1,no,y,open,stego,stego koltowski1996,commercial,,,koltowski1996 year2,koltowski1996_7,koltowski1996_7,39,156,156,beanperpod,2.3,NA,4,2.23,NA,4,1,4,156,koltowski,
koltowski1996,a165,1996,Poland,field,perplot,more1,no,y,open,stego,stego koltowski1996,commercial,,,koltowski1996 year2,koltowski1996_22,koltowski1996_7,39,156,156,yieldmass,535,NA,4,287,NA,4,1,4,156,koltowski,
koltowski1996,a166,1996,Poland,field,perplot,more1,no,y,open,stego,stego koltowski1996,commercial,,,koltowski1996 year2,koltowski1996_37,koltowski1996_7,39,156,156,beannum,713,NA,4,504,NA,4,1,4,156,koltowski,
koltowski1996,a167,1996,Poland,field,perplot,more1,no,y,open,stego,stego koltowski1996,commercial,,,koltowski1996 year2,koltowski1996_52,koltowski1996_7,39,156,156,podnum,310,NA,4,226,NA,4,1,4,156,koltowski,
koltowski1996,a168,1996,Poland,field,perpod,more1,no,y,open,tibo,tibo koltowski1996,commercial,,,koltowski1996 year2,koltowski1996_10,koltowski1996_10,39,156,156,beanperpod,2.09,NA,4,2.01,NA,4,1,4,156,koltowski,
koltowski1996,a169,1996,Poland,field,perplot,more1,no,y,open,tibo,tibo koltowski1996,commercial,,,koltowski1996 year2,koltowski1996_25,koltowski1996_10,39,156,156,yieldmass,203,NA,4,163,NA,4,1,4,156,koltowski,
koltowski1996,a170,1996,Poland,field,perplot,more1,no,y,open,tibo,tibo koltowski1996,commercial,,,koltowski1996 year2,koltowski1996_40,koltowski1996_10,39,156,156,beannum,524,NA,4,373,NA,4,1,4,156,koltowski,
koltowski1996,a171,1996,Poland,field,perplot,more1,no,y,open,tibo,tibo koltowski1996,commercial,,,koltowski1996 year2,koltowski1996_55,koltowski1996_10,39,156,156,podnum,249,NA,4,186,NA,4,1,4,156,koltowski,
koltowski1996,a172,1996,Poland,field,perpod,more1,no,y,open,dino,dino koltowski1996,commercial,,,koltowski1996 year3,koltowski1996_11,koltowski1996_11,39,156,156,beanperpod,2.45,NA,4,2.16,NA,4,1,4,156,koltowski,
koltowski1996,a173,1996,Poland,field,perplot,more1,no,y,open,dino,dino koltowski1996,commercial,,,koltowski1996 year3,koltowski1996_26,koltowski1996_11,39,156,156,yieldmass,404,NA,4,498,NA,4,1,4,156,koltowski,
koltowski1996,a174,1996,Poland,field,perplot,more1,no,y,open,dino,dino koltowski1996,commercial,,,koltowski1996 year3,koltowski1996_41,koltowski1996_11,39,156,156,beannum,692,NA,4,707,NA,4,1,4,156,koltowski,
koltowski1996,a175,1996,Poland,field,perplot,more1,no,y,open,dino,dino koltowski1996,commercial,,,koltowski1996 year3,koltowski1996_56,koltowski1996_11,39,156,156,podnum,282,NA,4,328,NA,4,1,4,156,koltowski,
koltowski1996,a176,1996,Poland,field,perpod,more1,no,y,open,grot,grot koltowski1996,commercial,,,koltowski1996 year3,koltowski1996_13,koltowski1996_13,39,156,156,beanperpod,2.97,NA,4,2.44,NA,4,1,4,156,koltowski,
koltowski1996,a177,1996,Poland,field,perplot,more1,no,y,open,grot,grot koltowski1996,commercial,,,koltowski1996 year3,koltowski1996_28,koltowski1996_13,39,156,156,yieldmass,492,NA,4,372,NA,4,1,4,156,koltowski,
koltowski1996,a178,1996,Poland,field,perplot,more1,no,y,open,grot,grot koltowski1996,commercial,,,koltowski1996 year3,koltowski1996_43,koltowski1996_13,39,156,156,beannum,943,NA,4,610,NA,4,1,4,156,koltowski,
koltowski1996,a179,1996,Poland,field,perplot,more1,no,y,open,grot,grot koltowski1996,commercial,,,koltowski1996 year3,koltowski1996_58,koltowski1996_13,39,156,156,podnum,320,NA,4,249,NA,4,1,4,156,koltowski,
koltowski1996,a180,1996,Poland,field,perpod,more1,no,y,open,nadw,nadw koltowski1996,commercial,,,koltowski1996 year3,koltowski1996_14,koltowski1996_14,39,156,156,beanperpod,3.01,NA,4,2.45,NA,4,1,4,156,koltowski,
koltowski1996,a181,1996,Poland,field,perplot,more1,no,y,open,nadw,nadw koltowski1996,commercial,,,koltowski1996 year3,koltowski1996_29,koltowski1996_14,39,156,156,yieldmass,437,NA,4,419,NA,4,1,4,156,koltowski,
koltowski1996,a182,1996,Poland,field,perplot,more1,no,y,open,nadw,nadw koltowski1996,commercial,,,koltowski1996 year3,koltowski1996_44,koltowski1996_14,39,156,156,beannum,849,NA,4,680,NA,4,1,4,156,koltowski,
koltowski1996,a183,1996,Poland,field,perplot,more1,no,y,open,nadw,nadw koltowski1996,commercial,,,koltowski1996 year3,koltowski1996_59,koltowski1996_14,39,156,156,podnum,285,NA,4,278,NA,4,1,4,156,koltowski,
koltowski1996,a184,1996,Poland,field,perpod,more1,no,y,open,stego,stego koltowski1996,commercial,,,koltowski1996 year3,koltowski1996_12,koltowski1996_12,39,156,156,beanperpod,2.44,NA,4,1.99,NA,4,1,4,156,koltowski,
koltowski1996,a185,1996,Poland,field,perplot,more1,no,y,open,stego,stego koltowski1996,commercial,,,koltowski1996 year3,koltowski1996_27,koltowski1996_12,39,156,156,yieldmass,351,NA,4,381,NA,4,1,4,156,koltowski,
koltowski1996,a186,1996,Poland,field,perplot,more1,no,y,open,stego,stego koltowski1996,commercial,,,koltowski1996 year3,koltowski1996_42,koltowski1996_12,39,156,156,beannum,648,NA,4,575,NA,4,1,4,156,koltowski,
koltowski1996,a187,1996,Poland,field,perplot,more1,no,y,open,stego,stego koltowski1996,commercial,,,koltowski1996 year3,koltowski1996_57,koltowski1996_12,39,156,156,podnum,265,NA,4,289,NA,4,1,4,156,koltowski,
koltowski1996,a188,1996,Poland,field,perpod,more1,no,y,open,tibo,tibo koltowski1996,commercial,,,koltowski1996 year3,koltowski1996_15,koltowski1996_15,39,156,156,beanperpod,2.58,NA,4,2.26,NA,4,1,4,156,koltowski,
koltowski1996,a189,1996,Poland,field,perplot,more1,no,y,open,tibo,tibo koltowski1996,commercial,,,koltowski1996 year3,koltowski1996_30,koltowski1996_15,39,156,156,yieldmass,287,NA,4,323,NA,4,1,4,156,koltowski,
koltowski1996,a190,1996,Poland,field,perplot,more1,no,y,open,tibo,tibo koltowski1996,commercial,,,koltowski1996 year3,koltowski1996_45,koltowski1996_15,39,156,156,beannum,677,NA,4,606,NA,4,1,4,156,koltowski,
koltowski1996,a191,1996,Poland,field,perplot,more1,no,y,open,tibo,tibo koltowski1996,commercial,,,koltowski1996 year3,koltowski1996_60,koltowski1996_15,39,156,156,podnum,264,NA,4,269,NA,4,1,4,156,koltowski,
somerville1999,a192,1999,Australia,field,perplot,more1,yes,,honey,fiord,fiord somerville1999,commercial,,,somerville1999 year1,somerville1999_1,somerville1999_1,NA,NA,NA,yieldmass,1504,42.7,5,1320,169,5,3,1.666666667,NA,somerville,
somerville1999,a193,1999,Australia,field,perplot,more1,no,y,open,fiord,fiord somerville1999,commercial,,,somerville1999 year1,somerville1999_1,somerville1999_2,NA,NA,NA,yieldmass,1856,182,5,1320,169,5,3,1.666666667,NA,somerville,
somerville1999,a194,1999,Australia,field,perplot,more1,semi,[part shaded control],open,fiord,fiord somerville1999,commercial,,,somerville1999 year1,somerville1999_1,somerville1999_3,NA,NA,NA,yieldmass,1725,77.7,2,1320,169,5,3,1.666666667,NA,somerville,
ghamdi2003,a195,2003,Saudi Arabia,field,perplant,more1,yes,,honey,"Riena blanka, giza","Riena blanka, giza ghamdi2003",commercial,,,ghamdi2003 year1,ghamdi2003_1,ghamdi2003_1,10,40,40,beannum,75.64,NA,4,62.51,NA,4,2,2,20,Ghamdi,
ghamdi2003,a196,2003,Saudi Arabia,field,perplant,more1,no,y,open,"Riena blanka, giza","Riena blanka, giza ghamdi2003",commercial,,,ghamdi2003 year1,ghamdi2003_1,ghamdi2003_2,10,40,40,beannum,86.28,NA,4,62.51,NA,4,2,2,20,Ghamdi,
ghamdi2003,a197,2003,Saudi Arabia,field,perplot,more1,yes,,honey,"Riena blanka, giza","Riena blanka, giza ghamdi2003",commercial,,,ghamdi2003 year1,ghamdi2003_3,ghamdi2003_1,80,320,320,yieldmass,2.85,NA,4,2.26,NA,4,2,2,160,Ghamdi,
ghamdi2003,a198,2003,Saudi Arabia,field,perplot,more1,no,y,open,"Riena blanka, giza","Riena blanka, giza ghamdi2003",commercial,,,ghamdi2003 year1,ghamdi2003_3,ghamdi2003_2,80,320,320,yieldmass,3.43,NA,4,2.26,NA,4,2,2,160,Ghamdi,
musallam2004,a199,2004,Jordan,field,perpod,more1,no,y,open,FLIP83-24FB,FLIP83-24FB musallam2004,breeding,,,musallam2004 year1,musallam2004_1,mussallam2004_1,3,9,9,beanperpod,3.08,NA,3,2.68,NA,3,1,3,9,musallam,
musallam2004,a200,2004,Jordan,field,perplant,more1,no,y,open,FLIP83-24FB,FLIP83-24FB musallam2004,breeding,,,musallam2004 year1,musallam2004_2,mussallam2004_1,3,9,9,podnum,8.1,NA,3,7.6,NA,3,1,3,9,musallam,
musallam2004,a201,2004,Jordan,field,perplot,more1,no,y,open,FLIP83-24FB,FLIP83-24FB musallam2004,breeding,,,musallam2004 year1,musallam2004_3,mussallam2004_1,3,9,9,yieldmass,3022,NA,3,2000,NA,3,1,3,9,musallam,
musallam2004,a202,2004,Jordan,field,perpod,more1,no,y,open,FLIP87-147FB,FLIP87-147FB musallam2004,breeding,,,musallam2004 year1,musallam2004_4,mussallam2004_2,3,9,9,beanperpod,3.15,NA,3,2.78,NA,3,1,3,9,musallam,
musallam2004,a203,2004,Jordan,field,perplant,more1,no,y,open,FLIP87-147FB,FLIP87-147FB musallam2004,breeding,,,musallam2004 year1,musallam2004_5,mussallam2004_2,3,9,9,podnum,5.53,NA,3,5.2,NA,3,1,3,9,musallam,
musallam2004,a204,2004,Jordan,field,perplot,more1,no,y,open,FLIP87-147FB,FLIP87-147FB musallam2004,breeding,,,musallam2004 year1,musallam2004_6,mussallam2004_2,3,9,9,yieldmass,2879,NA,3,1928,NA,3,1,3,9,musallam,
musallam2004,a205,2004,Jordan,field,perpod,more1,no,y,open,genotype3,genotype3 musallam2004,breeding,,,musallam2004 year1,musallam2004_10,mussallam2004_4,3,9,9,beanperpod,2.8,NA,3,2.4,NA,3,1,3,9,musallam,
musallam2004,a206,2004,Jordan,field,perplant,more1,no,y,open,genotype3,genotype3 musallam2004,breeding,,,musallam2004 year1,musallam2004_11,mussallam2004_4,3,9,9,podnum,8.46,NA,3,8.16,NA,3,1,3,9,musallam,
musallam2004,a207,2004,Jordan,field,perplot,more1,no,y,open,genotype3,genotype3 musallam2004,breeding,,,musallam2004 year1,musallam2004_12,mussallam2004_4,3,9,9,yieldmass,2758,NA,3,1835,NA,3,1,3,9,musallam,
musallam2004,a208,2004,Jordan,field,perpod,more1,no,y,open,genotype4,genotype4 musallam2004,commercial,,,musallam2004 year1,musallam2004_7,mussallam2004_3,3,9,9,beanperpod,2.76,NA,3,2.4,NA,3,1,3,9,musallam,
musallam2004,a209,2004,Jordan,field,perplant,more1,no,y,open,genotype4,genotype4 musallam2004,commercial,,,musallam2004 year1,musallam2004_8,mussallam2004_3,3,9,9,podnum,9.25,NA,3,8.4,NA,3,1,3,9,musallam,
musallam2004,a210,2004,Jordan,field,perplot,more1,no,y,open,genotype4,genotype4 musallam2004,commercial,,,musallam2004 year1,musallam2004_9,mussallam2004_3,3,9,9,yieldmass,2405,NA,3,1625,NA,3,1,3,9,musallam,
benachour2007,a211,2007,Algeria,field,perplot,more1,no,y,open,unknown var. major,unknown var. major benachour2007,commercial,,,benachour2007 year1,benachour2007_1,benachour2007_1,NA,NA,NA,yieldmass,673,96,7,223,21,7,1,7,NA,Louadi,
benachour2007,a212,2007,Algeria,field,perplant,more1,no,y,open,unknown var. major,unknown var. major benachour2008,commercial,,,benachour2007 year1,benachour2007_2,benachour2007_1,24,168,168,yieldmass,32,3,7,11,1,7,1,7,168,Louadi,
benachour2007,a213,2007,Algeria,field,perpod,more1,no,y,open,unknown var. major,unknown var. major benachour2009,commercial,,,benachour2007 year1,benachour2007_3,benachour2007_1,24,72,72,beanperpod,3,1,3,2.7,1,3,1,3,72,Louadi,
benachour2007,a214,2007,Algeria,field,perplant,more1,no,y,open,unknown var. major,unknown var. major benachour2010,commercial,,,benachour2007 year1,benachour2007_4,benachour2007_1,24,72,72,podnum,4,2,3,3,2,3,1,3,72,Louadi,
benachour2007,a215,2007,Algeria,field,perplant,more1,no,y,open,unknown var. major,unknown var. major benachour2011,commercial,,,benachour2007 year1,benachour2007_5,benachour2007_1,24,72,72,beannum,14,8,3,7,4,3,1,3,72,Louadi,
aouar2008,a216,2008,Algeria,field,perplant,more1,no,y,open,hartz (major),hartz (major) aouar2008,commercial,,,aouar2008 year1,aouar2008_1,aouar2008_1,36,108,108,beannum,19.87,4.51,3,17.27,11.08,3,1,3,108,Louadi,
aouar2008,a217,2008,Algeria,field,perpod,more1,no,y,open,hartz (major),hartz (major) aouar2008,commercial,,,aouar2008 year1,aouar2008_2,aouar2008_1,36,108,108,beanperpod,5.52,1.56,3,3.27,2.91,3,1,3,108,Louadi,
aouar2008,a218,2008,Algeria,field,perplant,more1,no,y,open,hartz (major),hartz (major) aouar2008,commercial,,,aouar2008 year1,aouar2008_3,aouar2008_1,36,108,108,podnum,3.6,0.71,3,5.28,2.3,3,1,3,108,Louadi,
aouar2008,a219,2008,Algeria,field,perplant,more1,no,y,open,hartz (major),hartz (major) aouar2008,commercial,,,aouar2008 year1,aouar2008_4,aouar2008_1,36,108,108,yieldmass,36.24,4,3,30.29,3,3,1,3,108,Louadi,
garratt2014,a220,2014,UK,pot,perpod,less1,yes,,bumble,clipper,clipper garratt2014,commercial,,,garratt2014 year1,garratt2014_1,garratt2014_1,<1,NA,NA,beanperpod,2.44,0.63,9,2.27,0.3464,3,3,1,NA,BishopGarrattPotts,
garratt2014,a221,2014,UK,pot,perpod,less1,yes,,hand,clipper,clipper garratt2014,commercial,,,garratt2014 year1,garratt2014_1,garratt2014_2,<1,NA,NA,beanperpod,2.82,0.5023,3,2.27,0.3464,3,3,1,NA,BishopGarrattPotts,
garratt2014,a222,2014,UK,pot,perpod,less1,yes,,honey,clipper,clipper garratt2014,commercial,,,garratt2014 year1,garratt2014_1,garratt2014_3,<1,NA,NA,beanperpod,2.52,0.42332021,7,2.27,0.3464,3,3,1,NA,BishopGarrattPotts,
birkin2015,a223,2015,UK,pot,perplant,1,no,y,open,sutton,sutton birkin2015,commercial,,,birkin2015 year1,birkin2015_1,birkin2015_1,1,80,80,beannum,2.278,NA,80,1.141,NA,80,1,80,80,birkin,
birkin2015,a224,2015,UK,pot,perplant,1,no,y,open,sutton,sutton birkin2015,commercial,,,birkin2015 year1,birkin2015_2,birkin2015_1,1,80,80,podnum,1.375,NA,80,0.334,NA,80,1,80,80,birkin,
birkin2015,a225,2015,UK,pot,perplant,1,no,y,open,sutton,sutton birkin2015,commercial,,,birkin2015 year1,birkin2015_3,birkin2015_1,1,80,80,yieldmass,22.228,NA,80,6.894,NA,80,1,80,80,birkin,
nayak2015,a226,2015,UK,field,perplot,more1,semi,[flowers not plants bagged],open,clipper,clipper nayak2015,commercial,,,nayak2015 year1,nayak2015_1,nayak2015_1,NA,NA,NA,yieldmass,468,208.71,40,281,164.438,40,1,40,NA,BishopGarrattPotts,
suso2015,a227,2015,Spain,field,perplant,more1,no,y,open,genepool1,genepool1 suso2015,breeding,,,suso2015 year1,suso2015_1,suso2015_1,15,90,90,beannum,31,NA,6,19.6,NA,6,1,6,90,suso,
suso2015,a228,2015,Spain,field,perplant,more1,no,y,open,genepool2,genepool2 suso2015,breeding,,,suso2015 year1,suso2015_2,suso2015_2,15,90,90,beannum,25.75,NA,6,24.5,NA,6,1,6,90,suso,
suso2015,a229,2015,Spain,field,perplant,more1,no,y,open,genepool3,genepool3 suso2015,breeding,,,suso2015 year1,suso2015_3,suso2015_3,15,90,90,beannum,21.125,NA,6,19.25,NA,6,1,6,90,suso,
suso2015,a230,2015,Spain,field,perplant,more1,no,y,open,genepool4,genepool4 suso2015,breeding,,,suso2015 year1,suso2015_4,suso2015_4,15,90,90,beannum,22.5,NA,6,21.125,NA,6,1,6,90,suso,
suso2015,a231,2015,Spain,field,perplant,more1,no,y,open,genepool5,genepool5 suso2015,breeding,,,suso2015 year1,suso2015_5,suso2015_5,15,90,90,beannum,22,NA,6,17.6,NA,6,1,6,90,suso,
suso2015,a232,2015,Spain,field,perplant,more1,no,y,open,genepool6,genepool6 suso2015,breeding,,,suso2015 year1,suso2015_6,suso2015_6,15,90,90,beannum,13.85,NA,6,20.5,NA,6,1,6,90,suso,
bishop2016,a233,2016,UK,pot,perplant,more1,yes,,bumble,wizard,wizard bishop2016,commercial,heat stress - 18,,bishop2016 year2,bishop2016_1,bishop2016_1,19,57,57,beannum,44.11208577,2.736239646,3,34.17241715,5.221861545,3,1,3,57,BishopGarrattPotts,
bishop2016,a234,2016,UK,pot,perplant,more1,yes,,bumble,wizard,wizard bishop2016,commercial,heat stress - 22,,bishop2016 year2,bishop2016_2,bishop2016_2,19,57,57,beannum,38.85769981,2.194008207,3,33.67933723,2.020000905,3,1,3,57,BishopGarrattPotts,
bishop2016,a235,2016,UK,pot,perplant,more1,yes,,bumble,wizard,wizard bishop2016,commercial,heat stress - 26,,bishop2016 year2,bishop2016_3,bishop2016_3,19,57,57,beannum,39.73024882,1.730967032,3,32.41617934,7.436583878,3,1,3,57,BishopGarrattPotts,
bishop2016,a236,2016,UK,pot,perplant,more1,yes,,bumble,wizard,wizard bishop2016,commercial,heat stress - 30,,bishop2016 year2,bishop2016_4,bishop2016_4,19,57,57,beannum,35.76666667,1.965536398,3,26.09803922,7.064050352,3,1,3,57,BishopGarrattPotts,
bishop2016,a237,2016,UK,pot,perplant,more1,yes,,bumble,wizard,wizard bishop2016,commercial,heat stress - 34,,bishop2016 year2,bishop2016_5,bishop2016_5,19,57,57,beannum,22.87621832,2.772226422,3,20.39834881,4.304419255,3,1,3,57,BishopGarrattPotts,
bishop2016,a238,2016,UK,pot,perplant,more1,yes,,bumble,wizard,wizard bishop2016,commercial,heat stress - 18,,bishop2016 year2,bishop2016_6,bishop2016_1,19,57,57,podnum,13.89083821,1.0000057,3,13.41491228,1.328090744,3,1,3,57,BishopGarrattPotts,
bishop2016,a239,2016,UK,pot,perplant,more1,yes,,bumble,wizard,wizard bishop2016,commercial,heat stress - 22,,bishop2016 year2,bishop2016_7,bishop2016_2,19,57,57,podnum,12.83996101,1.276048361,3,13.50487329,0.258723743,3,1,3,57,BishopGarrattPotts,
bishop2016,a240,2016,UK,pot,perplant,more1,yes,,bumble,wizard,wizard bishop2016,commercial,heat stress - 26,,bishop2016 year2,bishop2016_8,bishop2016_3,19,57,57,podnum,13.22554753,1.134057316,3,13.28849903,2.03616572,3,1,3,57,BishopGarrattPotts,
bishop2016,a241,2016,UK,pot,perplant,more1,yes,,bumble,wizard,wizard bishop2016,commercial,heat stress - 30,,bishop2016 year2,bishop2016_9,bishop2016_4,19,57,57,podnum,12.93947368,0.462192475,3,11.81630547,2.953067592,3,1,3,57,BishopGarrattPotts,
bishop2016,a242,2016,UK,pot,perplant,more1,yes,,bumble,wizard,wizard bishop2016,commercial,heat stress - 34,,bishop2016 year2,bishop2016_10,bishop2016_5,19,57,57,podnum,10.54678363,1.052789949,3,9.233230134,1.377706659,3,1,3,57,BishopGarrattPotts,
bishop2016,a243,2016,UK,pot,perplant,more1,yes,,bumble,wizard,wizard bishop2016,commercial,heat stress - 18,,bishop2016 year2,bishop2016_11,bishop2016_1,19,57,57,yieldmass,19.70553772,1.863543542,3,16.13688339,3.204411623,3,1,3,57,BishopGarrattPotts,
bishop2016,a244,2016,UK,pot,perplant,more1,yes,,bumble,wizard,wizard bishop2016,commercial,heat stress - 22,,bishop2016 year2,bishop2016_12,bishop2016_2,19,57,57,yieldmass,17.78400556,0.597458688,3,15.7845271,1.255493847,3,1,3,57,BishopGarrattPotts,
bishop2016,a245,2016,UK,pot,perplant,more1,yes,,bumble,wizard,wizard bishop2016,commercial,heat stress - 26,,bishop2016 year2,bishop2016_13,bishop2016_3,19,57,57,yieldmass,18.6402974,1.287613324,3,15.79773782,2.587012501,3,1,3,57,BishopGarrattPotts,
bishop2016,a246,2016,UK,pot,perplant,more1,yes,,bumble,wizard,wizard bishop2016,commercial,heat stress - 30,,bishop2016 year2,bishop2016_14,bishop2016_4,19,57,57,yieldmass,16.95613313,3.515313722,3,12.33366584,2.771230829,3,1,3,57,BishopGarrattPotts,
bishop2016,a247,2016,UK,pot,perplant,more1,yes,,bumble,wizard,wizard bishop2016,commercial,heat stress - 34,,bishop2016 year2,bishop2016_15,bishop2016_5,19,57,57,yieldmass,10.21482846,0.878407731,3,8.045629515,0.613098252,3,1,3,57,BishopGarrattPotts,
bishop2016,a248,2016,UK,pot,perpod,more1,yes,,bumble,wizard,wizard bishop2016,commercial,heat stress - 18,,bishop2016 year2,bishop2016_16,bishop2016_1,19,95,95,beanperpod,3.270669254,0.078866453,5,2.609723701,0.202513033,5,1,5,95,BishopGarrattPotts,
bishop2016,a249,2016,UK,pot,perpod,more1,yes,,bumble,wizard,wizard bishop2016,commercial,heat stress - 22,,bishop2016 year2,bishop2016_17,bishop2016_2,19,95,95,beanperpod,3.057077751,0.169146908,5,2.460862525,0.205614695,5,1,5,95,BishopGarrattPotts,
bishop2016,a250,2016,UK,pot,perpod,more1,yes,,bumble,wizard,wizard bishop2016,commercial,heat stress - 26,,bishop2016 year2,bishop2016_18,bishop2016_3,19,95,95,beanperpod,3.022707064,0.081079365,5,2.407117498,0.116769624,5,1,5,95,BishopGarrattPotts,
bishop2016,a251,2016,UK,pot,perpod,more1,yes,,bumble,wizard,wizard bishop2016,commercial,heat stress - 30,,bishop2016 year2,bishop2016_19,bishop2016_4,19,95,95,beanperpod,2.840010066,0.050164454,5,2.214940113,0.192682072,5,1,5,95,BishopGarrattPotts,
bishop2016,a252,2016,UK,pot,perpod,more1,yes,,bumble,wizard,wizard bishop2016,commercial,heat stress - 34,,bishop2016 year2,bishop2016_20,bishop2016_5,19,95,95,beanperpod,2.189188899,0.099727444,5,2.199284585,0.308455312,5,1,5,95,BishopGarrattPotts,
bishop2016,a253,2016,UK,pot,perplant,more1,yes,,bumble,wizard,wizard bishop2016,commercial,heat stress - 18,,bishop2016 year3,bishop2016_21,bishop2016_6,4,20,20,beannum,60.25,16.72666285,5,53.15,15.62709986,5,1,5,20,BishopGarrattPotts,
bishop2016,a254,2016,UK,pot,perplant,more1,yes,,bumble,wizard,wizard bishop2016,commercial,heat stress - 22,,bishop2016 year3,bishop2016_22,bishop2016_7,4,20,20,beannum,53.15,14.9181098,5,49.15,11.47905702,5,1,5,20,BishopGarrattPotts,
bishop2016,a255,2016,UK,pot,perplant,more1,yes,,bumble,wizard,wizard bishop2016,commercial,heat stress - 26,,bishop2016 year3,bishop2016_23,bishop2016_8,4,20,20,beannum,57.9,10.01342848,5,50.63333333,15.57927755,5,1,5,20,BishopGarrattPotts,
bishop2016,a256,2016,UK,pot,perplant,more1,yes,,bumble,wizard,wizard bishop2016,commercial,heat stress - 30,,bishop2016 year3,bishop2016_24,bishop2016_9,4,20,20,beannum,53.3,10.94503312,5,37.75,6.429910575,5,1,5,20,BishopGarrattPotts,
bishop2016,a257,2016,UK,pot,perplant,more1,yes,,bumble,wizard,wizard bishop2016,commercial,heat stress - 34,,bishop2016 year3,bishop2016_25,bishop2016_10,4,20,20,beannum,43.3,12.7443615,5,43.65,8.288923332,5,1,5,20,BishopGarrattPotts,
bishop2016,a258,2016,UK,pot,perplant,more1,yes,,bumble,wizard,wizard bishop2016,commercial,heat stress - 18,,bishop2016 year3,bishop2016_26,bishop2016_6,4,20,20,podnum,20.65,5.212964608,5,18.65,4.052776826,5,1,5,20,BishopGarrattPotts,
bishop2016,a259,2016,UK,pot,perplant,more1,yes,,bumble,wizard,wizard bishop2016,commercial,heat stress - 22,,bishop2016 year3,bishop2016_27,bishop2016_7,4,20,20,podnum,18.3,4.266145802,5,18.7,3.388399327,5,1,5,20,BishopGarrattPotts,
bishop2016,a260,2016,UK,pot,perplant,more1,yes,,bumble,wizard,wizard bishop2016,commercial,heat stress - 26,,bishop2016 year3,bishop2016_28,bishop2016_8,4,20,20,podnum,21.1,3.41229395,5,20.38333333,4.333173074,5,1,5,20,BishopGarrattPotts,
bishop2016,a261,2016,UK,pot,perplant,more1,yes,,bumble,wizard,wizard bishop2016,commercial,heat stress - 30,,bishop2016 year3,bishop2016_29,bishop2016_9,4,20,20,podnum,22.3,3.438749773,5,18.7,3.227808854,5,1,5,20,BishopGarrattPotts,
bishop2016,a262,2016,UK,pot,perplant,more1,yes,,bumble,wizard,wizard bishop2016,commercial,heat stress - 34,,bishop2016 year3,bishop2016_30,bishop2016_10,4,20,20,podnum,19,5.04356025,5,21.15,2.631539473,5,1,5,20,BishopGarrattPotts,
bishop2016,a263,2016,UK,pot,perplant,more1,yes,,bumble,wizard,wizard bishop2016,commercial,heat stress - 18,,bishop2016 year3,bishop2016_31,bishop2016_6,4,20,20,yieldmass,32.3873,6.449404651,5,28.1084,9.230673852,5,1,5,20,BishopGarrattPotts,
bishop2016,a264,2016,UK,pot,perplant,more1,yes,,bumble,wizard,wizard bishop2016,commercial,heat stress - 22,,bishop2016 year3,bishop2016_32,bishop2016_7,4,20,20,yieldmass,30.41435,4.906256327,5,26.75535,6.346388716,5,1,5,20,BishopGarrattPotts,
bishop2016,a265,2016,UK,pot,perplant,more1,yes,,bumble,wizard,wizard bishop2016,commercial,heat stress - 26,,bishop2016 year3,bishop2016_33,bishop2016_8,4,20,20,yieldmass,31.3279,3.478730815,5,29.278,9.32094133,5,1,5,20,BishopGarrattPotts,
bishop2016,a266,2016,UK,pot,perplant,more1,yes,,bumble,wizard,wizard bishop2016,commercial,heat stress - 30,,bishop2016 year3,bishop2016_34,bishop2016_9,4,20,20,yieldmass,34.0898,4.486748824,5,21.24825,4.571259789,5,1,5,20,BishopGarrattPotts,
bishop2016,a267,2016,UK,pot,perplant,more1,yes,,bumble,wizard,wizard bishop2016,commercial,heat stress - 34,,bishop2016 year3,bishop2016_35,bishop2016_10,4,20,20,yieldmass,26.53945,7.270577069,5,24.74486,2.900676224,5,1,5,20,BishopGarrattPotts,
bishop2016,a268,2016,UK,pot,perpod,more1,yes,,bumble,wizard,wizard bishop2016,commercial,heat stress - 18,,bishop2016 year3,bishop2016_36,bishop2016_6,4,20,20,beanperpod,2.764300104,0.449924342,5,2.568368809,0.512655706,5,1,5,20,BishopGarrattPotts,
bishop2016,a269,2016,UK,pot,perpod,more1,yes,,bumble,wizard,wizard bishop2016,commercial,heat stress - 22,,bishop2016 year3,bishop2016_37,bishop2016_7,4,20,20,beanperpod,2.875576702,0.275969413,5,2.57554734,0.375296074,5,1,5,20,BishopGarrattPotts,
bishop2016,a270,2016,UK,pot,perpod,more1,yes,,bumble,wizard,wizard bishop2016,commercial,heat stress - 26,,bishop2016 year3,bishop2016_38,bishop2016_8,4,20,20,beanperpod,2.708973597,0.287966751,5,2.475826563,0.415426142,5,1,5,20,BishopGarrattPotts,
bishop2016,a271,2016,UK,pot,perpod,more1,yes,,bumble,wizard,wizard bishop2016,commercial,heat stress - 30,,bishop2016 year3,bishop2016_39,bishop2016_9,4,20,20,beanperpod,2.370339786,0.25035084,5,1.969414954,0.193774183,5,1,5,20,BishopGarrattPotts,
bishop2016,a272,2016,UK,pot,perpod,more1,yes,,bumble,wizard,wizard bishop2016,commercial,heat stress - 34,,bishop2016 year3,bishop2016_40,bishop2016_10,4,20,20,beanperpod,2.080527754,0.435933256,5,2.035710193,0.196049925,5,1,5,20,BishopGarrattPotts,
stmartin2016,a273,2016,Sweden,pot,perplant,1,yes,[put bag on when bees were not there],bumble,fuego,fuego stmartin2016,commercial,barley,high compaction,stmartin2016 year1,stmartin2016_1,stmartin2016_1,1,10,10,yieldmass,1.076,0.166019577,10,0.813,0.548655174,10,1,10,10,stmartin,
stmartin2016,a274,2016,Sweden,pot,perplant,1,yes,[put bag on when bees were not there],bumble,fuego,fuego stmartin2016,commercial,barley,low compaction,stmartin2016 year1,stmartin2016_2,stmartin2016_2,1,10,10,yieldmass,1.47,0.317808905,10,1.297,0.384216736,10,1,10,10,stmartin,
stmartin2016,a275,2016,Sweden,pot,perplant,1,yes,[put bag on when bees were not there],bumble,fuego,fuego stmartin2016,commercial,ley,high compaction,stmartin2016 year1,stmartin2016_3,stmartin2016_3,1,10,10,yieldmass,0.977,0.463273677,10,0.467,0.569209979,10,1,10,10,stmartin,
stmartin2016,a276,2016,Sweden,pot,perplant,1,yes,[put bag on when bees were not there],bumble,fuego,fuego stmartin2016,commercial,ley,low compaction,stmartin2016 year1,stmartin2016_4,stmartin2016_4,1,10,10,yieldmass,1.375,0.330458015,10,0.968,0.708350196,10,1,10,10,stmartin,
bishop2017,a277,2017,UK,pot,perplant,more1,yes,,bumble,wizard,wizard bishop2017,commercial,cage,heatstress,bishop2017 year1,bishop2017_1,bishop2017_1,6,30,30,beannum,34.9,9.9,5,16.4,5.7,5,2,2.5,15,BishopGarrattPotts,
bishop2017,a278,2017,UK,pot,perplant,more1,yes,,bumble,wizard,wizard bishop2017,commercial,cage,heatstress,bishop2017 year1,bishop2017_2,bishop2017_1,6,30,30,yieldmass,25.5,7.6,5,10,4.8,5,2,2.5,15,BishopGarrattPotts,
bishop2017,a279,2017,UK,pot,perplant,more1,yes,,bumble,wizard,wizard bishop2017,commercial,cage,control,bishop2017 year1,bishop2017_3,bishop2017_2,6,30,30,beannum,56,16.8,5,29.2,10.3,5,2,2.5,15,BishopGarrattPotts,
bishop2017,a280,2017,UK,pot,perplant,more1,yes,,bumble,wizard,wizard bishop2017,commercial,cage,control,bishop2017 year1,bishop2017_4,bishop2017_2,6,30,30,yieldmass,33.6,7.7,5,18.4,5.6,5,2,2.5,15,BishopGarrattPotts,
bishop2017,a281,2017,UK,pot,perplant,more1,yes,,tripping,wizard,wizard bishop2017,commercial,cage,heatstress,bishop2017 year1,bishop2017_1,bishop2017_3,2,10,10,beannum,39.4,11.5,5,16.4,5.7,5,2,2.5,5,BishopGarrattPotts,
bishop2017,a282,2017,UK,pot,perplant,more1,yes,,tripping,wizard,wizard bishop2017,commercial,cage,heatstress,bishop2017 year1,bishop2017_2,bishop2017_3,2,10,10,yieldmass,25.6,7.3,5,10,4.8,5,2,2.5,5,BishopGarrattPotts,
bishop2017,a283,2017,UK,pot,perplant,more1,yes,,tripping,wizard,wizard bishop2017,commercial,cage,control,bishop2017 year1,bishop2017_3,bishop2017_4,2,10,10,beannum,55.3,20.7,5,29.2,10.3,5,2,2.5,5,BishopGarrattPotts,
bishop2017,a284,2017,UK,pot,perplant,more1,yes,,tripping,wizard,wizard bishop2017,commercial,cage,control,bishop2017 year1,bishop2017_4,bishop2017_4,2,10,10,yieldmass,29.4,10.2,5,18.4,5.6,5,2,2.5,5,BishopGarrattPotts,
bishop2017,a285,2017,UK,pot,perplant,1,no,y,open,wizard,wizard bishop2017,commercial,fieldsite1,heatstress,bishop2017 year1,bishop2017_5,bishop2017_5,1,16,16,beannum,13.1,6.6,16,9.4,5.3,16,1,16,16,BishopGarrattPotts,
bishop2017,a286,2017,UK,pot,perplant,1,no,y,open,wizard,wizard bishop2017,commercial,fieldsite1,heatstress,bishop2017 year1,bishop2017_6,bishop2017_5,1,16,16,yieldmass,6.3,3.1,16,5.2,3.3,16,1,16,16,BishopGarrattPotts,
bishop2017,a287,2017,UK,pot,perplant,1,no,y,open,wizard,wizard bishop2017,commercial,fieldsite1,control,bishop2017 year1,bishop2017_7,bishop2017_6,1,16,16,beannum,19.8,12.3,16,18.6,7.8,16,1,16,16,BishopGarrattPotts,
bishop2017,a288,2017,UK,pot,perplant,1,no,y,open,wizard,wizard bishop2017,commercial,fieldsite1,control,bishop2017 year1,bishop2017_8,bishop2017_6,1,16,16,yieldmass,9.3,6.4,16,8.8,5,16,1,16,16,BishopGarrattPotts,
bishop2017,a289,2017,UK,pot,perplant,1,no,y,open,wizard,wizard bishop2017,commercial,fieldsite2,heatstress,bishop2017 year1,bishop2017_9,bishop2017_7,1,16,16,beannum,17.6,8.2,16,6.2,5,16,1,16,16,BishopGarrattPotts,
bishop2017,a290,2017,UK,pot,perplant,1,no,y,open,wizard,wizard bishop2017,commercial,fieldsite2,heatstress,bishop2017 year1,bishop2017_10,bishop2017_7,1,16,16,yieldmass,8.4,4.2,16,3.8,3.3,16,1,16,16,BishopGarrattPotts,
bishop2017,a291,2017,UK,pot,perplant,1,no,y,open,wizard,wizard bishop2017,commercial,fieldsite2,control,bishop2017 year1,bishop2017_11,bishop2017_8,1,16,16,beannum,26.4,10.8,16,16.2,6.3,16,1,16,16,BishopGarrattPotts,
bishop2017,a292,2017,UK,pot,perplant,1,no,y,open,wizard,wizard bishop2017,commercial,fieldsite2,control,bishop2017 year1,bishop2017_12,bishop2017_8,1,16,16,yieldmass,13.2,5.3,16,9.2,4.1,16,1,16,16,BishopGarrattPotts,
kyllonen2018,a293,2018,Finland,field,perplant,more1,yes,,honey,kontu,kontu kyllonen2018,commercial,,,kyllonen2018 year1,kyllonen2018_1,kyllonen2018_1,37,111,111,podnum,11.659,1.846,3,7.362,0.3,3,3,1,37,kyllonen,
kyllonen2018,a294,2018,Finland,field,perplant,more1,no,y,open,kontu,kontu kyllonen2018,commercial,,,kyllonen2018 year1,kyllonen2018_1,kyllonen2018_2,35,105,105,podnum,8.906,0.902,3,7.362,0.3,3,3,1,35,kyllonen,
kyllonen2018,a295,2018,Finland,field,perplant,more1,yes,,open,kontu,kontu kyllonen2018,commercial,,,kyllonen2018 year1,kyllonen2018_1,kyllonen2018_3,37,111,111,podnum,19.19,1.135,3,7.362,0.3,3,3,1,37,kyllonen,
bishop2019,a296,2019,UK,pot,perplant,1,yes,,hand,diana,diana bishop2019,breeding,,,bishop2019 year1,bishop2019_1,bishop2019_7,1,7,10,beannum,43.71428571,25.74046287,7,14.1,11.08001203,10,2,5,5,BishopGarrattPotts,
bishop2019,a297,2019,UK,pot,perplant,1,yes,,tripping,diana,diana bishop2019,breeding,,,bishop2019 year1,bishop2019_1,bishop2019_8,1,9,10,beannum,41.77777778,20.15426616,9,14.1,11.08001203,10,2,5,5,BishopGarrattPotts,
bishop2019,a298,2019,UK,pot,perplant,1,yes,,hand,diana,diana bishop2019,breeding,,,bishop2019 year1,bishop2019_2,bishop2019_7,1,7,10,podnum,16.85714286,10.57400226,7,7.7,5.926400444,10,2,5,5,BishopGarrattPotts,
bishop2019,a299,2019,UK,pot,perplant,1,yes,,tripping,diana,diana bishop2019,breeding,,,bishop2019 year1,bishop2019_2,bishop2019_8,1,9,10,podnum,16.33333333,6.224949799,9,7.7,5.926400444,10,2,5,5,BishopGarrattPotts,
bishop2019,a300,2019,UK,pot,perplant,1,yes,,hand,diana,diana bishop2019,breeding,,,bishop2019 year1,bishop2019_3,bishop2019_7,1,7,10,yieldmass,9.260357143,6.725916022,7,4.135,3.430459153,10,2,5,5,BishopGarrattPotts,
bishop2019,a301,2019,UK,pot,perplant,1,yes,,tripping,diana,diana bishop2019,breeding,,,bishop2019 year1,bishop2019_3,bishop2019_8,1,9,10,yieldmass,10.17298889,5.063319229,9,4.135,3.430459153,10,2,5,5,BishopGarrattPotts,
bishop2019,a302,2019,UK,pot,perplant,1,yes,,tripping,fuego,fuego bishop2019,commercial,,,bishop2019 year1,bishop2019_4,bishop2019_10,1,7,10,beannum,56.71428571,19.95590377,7,32.9,16.84207694,10,2,5,5,BishopGarrattPotts,
bishop2019,a303,2019,UK,pot,perplant,1,yes,,hand,fuego,fuego bishop2019,commercial,,,bishop2019 year1,bishop2019_4,bishop2019_9,1,9,10,beannum,55.33333333,22.42766149,9,32.9,16.84207694,10,2,5,5,BishopGarrattPotts,
bishop2019,a304,2019,UK,pot,perplant,1,yes,,tripping,fuego,fuego bishop2019,commercial,,,bishop2019 year1,bishop2019_5,bishop2019_10,1,7,10,podnum,16.42857143,6.023762469,7,13,5.477225575,10,2,5,5,BishopGarrattPotts,
bishop2019,a305,2019,UK,pot,perplant,1,yes,,hand,fuego,fuego bishop2019,commercial,,,bishop2019 year1,bishop2019_5,bishop2019_9,1,9,10,podnum,17.77777778,2.728450924,9,13,5.477225575,10,2,5,5,BishopGarrattPotts,
bishop2019,a306,2019,UK,pot,perplant,1,yes,,tripping,fuego,fuego bishop2019,commercial,,,bishop2019 year1,bishop2019_6,bishop2019_10,1,7,10,yieldmass,23.48142857,7.389064958,7,16.043,9.136517754,10,2,5,5,BishopGarrattPotts,
bishop2019,a307,2019,UK,pot,perplant,1,yes,,hand,fuego,fuego bishop2019,commercial,,,bishop2019 year1,bishop2019_6,bishop2019_9,1,9,10,yieldmass,19.70863333,9.627835349,9,16.043,9.136517754,10,2,5,5,BishopGarrattPotts,
bishop2019,a308,2019,UK,pot,perplant,1,yes,,hand,fury,fury bishop2019,commercial,,,bishop2019 year1,bishop2019_7,bishop2019_11,1,7,6,beannum,48.28571429,23.1640115,7,29.66666667,19.26309079,6,2,3,3,BishopGarrattPotts,
bishop2019,a309,2019,UK,pot,perplant,1,yes,,tripping,fury,fury bishop2019,commercial,,,bishop2019 year1,bishop2019_7,bishop2019_12,1,8,6,beannum,48.625,11.96348611,8,29.66666667,19.26309079,6,2,3,3,BishopGarrattPotts,
bishop2019,a310,2019,UK,pot,perplant,1,yes,,hand,fury,fury bishop2019,commercial,,,bishop2019 year1,bishop2019_8,bishop2019_11,1,7,6,podnum,15.42857143,6.94879229,7,12.16666667,5.231315959,6,2,3,3,BishopGarrattPotts,
bishop2019,a311,2019,UK,pot,perplant,1,yes,,tripping,fury,fury bishop2019,commercial,,,bishop2019 year1,bishop2019_8,bishop2019_12,1,8,6,podnum,17.25,4.559135256,8,12.16666667,5.231315959,6,2,3,3,BishopGarrattPotts,
bishop2019,a312,2019,UK,pot,perplant,1,yes,,hand,fury,fury bishop2019,commercial,,,bishop2019 year1,bishop2019_9,bishop2019_11,1,7,6,yieldmass,19.09285714,10.34720206,7,11.775,6.973012979,6,2,3,3,BishopGarrattPotts,
bishop2019,a313,2019,UK,pot,perplant,1,yes,,tripping,fury,fury bishop2019,commercial,,,bishop2019 year1,bishop2019_9,bishop2019_12,1,8,6,yieldmass,17.18,4.233580045,8,11.775,6.973012979,6,2,3,3,BishopGarrattPotts,
bishop2019,a314,2019,UK,pot,perplant,1,yes,,hand,hedin,hedin bishop2019,breeding,,,bishop2019 year1,bishop2019_10,bishop2019_13,1,10,10,beannum,61.3,10.84281636,10,70.8,14.69542635,10,2,5,5,BishopGarrattPotts,
bishop2019,a315,2019,UK,pot,perplant,1,yes,,tripping,hedin,hedin bishop2019,breeding,,,bishop2019 year1,bishop2019_10,bishop2019_14,1,10,10,beannum,69.5,16.74813422,10,70.8,14.69542635,10,2,5,5,BishopGarrattPotts,
bishop2019,a316,2019,UK,pot,perplant,1,yes,,hand,hedin,hedin bishop2019,breeding,,,bishop2019 year1,bishop2019_11,bishop2019_13,1,10,10,podnum,21.6,5.253570215,10,23.5,5.400617249,10,2,5,5,BishopGarrattPotts,
bishop2019,a317,2019,UK,pot,perplant,1,yes,,tripping,hedin,hedin bishop2019,breeding,,,bishop2019 year1,bishop2019_11,bishop2019_14,1,10,10,podnum,22.9,4.148627618,10,23.5,5.400617249,10,2,5,5,BishopGarrattPotts,
bishop2019,a318,2019,UK,pot,perplant,1,yes,,hand,hedin,hedin bishop2019,breeding,,,bishop2019 year1,bishop2019_12,bishop2019_13,1,10,10,yieldmass,13.74609,3.694978513,10,15.66556,3.010246941,10,2,5,5,BishopGarrattPotts,
bishop2019,a319,2019,UK,pot,perplant,1,yes,,tripping,hedin,hedin bishop2019,breeding,,,bishop2019 year1,bishop2019_12,bishop2019_14,1,10,10,yieldmass,15.46512,3.545261365,10,15.66556,3.010246941,10,2,5,5,BishopGarrattPotts,
bishop2019,a320,2019,UK,pot,perplant,1,yes,,hand,vertigo,vertigo bishop2019,commercial,,,bishop2019 year1,bishop2019_13,bishop2019_15,1,10,10,beannum,51,24.50396793,10,39.8,22.99661811,10,2,5,5,BishopGarrattPotts,
bishop2019,a321,2019,UK,pot,perplant,1,yes,,tripping,vertigo,vertigo bishop2019,commercial,,,bishop2019 year1,bishop2019_13,bishop2019_16,1,10,10,beannum,50.2,18.36542646,10,39.8,22.99661811,10,2,5,5,BishopGarrattPotts,
bishop2019,a322,2019,UK,pot,perplant,1,yes,,hand,vertigo,vertigo bishop2019,commercial,,,bishop2019 year1,bishop2019_14,bishop2019_15,1,10,10,podnum,16.6,6.78560568,10,14.5,6.293735863,10,2,5,5,BishopGarrattPotts,
bishop2019,a323,2019,UK,pot,perplant,1,yes,,tripping,vertigo,vertigo bishop2019,commercial,,,bishop2019 year1,bishop2019_14,bishop2019_16,1,10,10,podnum,15.9,4.724639904,10,14.5,6.293735863,10,2,5,5,BishopGarrattPotts,
bishop2019,a324,2019,UK,pot,perplant,1,yes,,hand,vertigo,vertigo bishop2019,commercial,,,bishop2019 year1,bishop2019_15,bishop2019_15,1,10,10,yieldmass,19.999,10.90482508,10,16.867,7.918132566,10,2,5,5,BishopGarrattPotts,
bishop2019,a325,2019,UK,pot,perplant,1,yes,,tripping,vertigo,vertigo bishop2019,commercial,,,bishop2019 year1,bishop2019_15,bishop2019_16,1,10,10,yieldmass,22.02931,5.585061671,10,16.867,7.918132566,10,2,5,5,BishopGarrattPotts,
bishop2019,a326,2019,UK,pot,perplant,1,yes,,hand,diana,diana bishop2019,breeding,,,bishop2019 year2,bishop2019_16,bishop2019_17,1,10,10,beannum,14.1,10.19204483,10,2.6,2.270584849,10,2,5,5,BishopGarrattPotts,
bishop2019,a327,2019,UK,pot,perplant,1,yes,,tripping,diana,diana bishop2019,breeding,,,bishop2019 year2,bishop2019_16,bishop2019_18,1,10,10,beannum,12.1,9.62000231,10,2.6,2.270584849,10,2,5,5,BishopGarrattPotts,
bishop2019,a328,2019,UK,pot,perplant,1,yes,,hand,diana,diana bishop2019,breeding,,,bishop2019 year2,bishop2019_17,bishop2019_17,1,10,10,podnum,5.8,3.552776692,10,2.1,1.595131482,10,2,5,5,BishopGarrattPotts,
bishop2019,a329,2019,UK,pot,perplant,1,yes,,tripping,diana,diana bishop2019,breeding,,,bishop2019 year2,bishop2019_17,bishop2019_18,1,10,10,podnum,5.7,4.164666186,10,2.1,1.595131482,10,2,5,5,BishopGarrattPotts,
bishop2019,a330,2019,UK,pot,perplant,1,yes,,hand,diana,diana bishop2019,breeding,,,bishop2019 year2,bishop2019_18,bishop2019_17,1,10,10,yieldmass,3.1898,2.31569,10,1.0109,1.0517,10,2,5,5,BishopGarrattPotts,
bishop2019,a331,2019,UK,pot,perplant,1,yes,,tripping,diana,diana bishop2019,breeding,,,bishop2019 year2,bishop2019_18,bishop2019_18,1,10,10,yieldmass,3.0707,2.69446,10,1.0109,1.0517,10,2,5,5,BishopGarrattPotts,
bishop2019,a332,2019,UK,pot,perplant,1,yes,,hand,fuego,fuego bishop2019,commercial,,,bishop2019 year2,bishop2019_19,bishop2019_19,1,10,9,beannum,15.2,11.50651989,10,12.55555556,9.461911951,9,2,4.5,4.5,BishopGarrattPotts,
bishop2019,a333,2019,UK,pot,perplant,1,yes,,tripping,fuego,fuego bishop2019,commercial,,,bishop2019 year2,bishop2019_19,bishop2019_20,1,10,9,beannum,12.1,5.933895104,10,12.55555556,9.461911951,9,2,4.5,4.5,BishopGarrattPotts,
bishop2019,a334,2019,UK,pot,perplant,1,yes,,hand,fuego,fuego bishop2019,commercial,,,bishop2019 year2,bishop2019_20,bishop2019_19,1,10,9,podnum,5.1,3.314949304,10,5.555555556,2.87711275,9,2,4.5,4.5,BishopGarrattPotts,
bishop2019,a335,2019,UK,pot,perplant,1,yes,,tripping,fuego,fuego bishop2019,commercial,,,bishop2019 year2,bishop2019_20,bishop2019_20,1,10,9,podnum,5,2.108185107,10,5.555555556,2.87711275,9,2,4.5,4.5,BishopGarrattPotts,
bishop2019,a336,2019,UK,pot,perplant,1,yes,,hand,fuego,fuego bishop2019,commercial,,,bishop2019 year2,bishop2019_21,bishop2019_19,1,10,9,yieldmass,7.2262,5.2584,10,7.85589,6.48697,9,2,4.5,4.5,BishopGarrattPotts,
bishop2019,a337,2019,UK,pot,perplant,1,yes,,tripping,fuego,fuego bishop2019,commercial,,,bishop2019 year2,bishop2019_21,bishop2019_20,1,10,9,yieldmass,6.0853,3.7683,10,7.85589,6.48697,9,2,4.5,4.5,BishopGarrattPotts,
bishop2019,a338,2019,UK,field,perplant,more1,yes,,tripping,fuego,fuego bishop2019,commercial,,,bishop2019 year2,bishop2019_31,bishop2019_1,3,72,69,beannum,16.16666667,11.33162818,24,16.30434783,11.77607275,23,2,11.5,34.5,BishopGarrattPotts,
bishop2019,a339,2019,UK,field,perplant,more1,no,y,open,fuego,fuego bishop2019,commercial,,,bishop2019 year2,bishop2019_31,bishop2019_4,3,72,69,beannum,13.66666667,7.160681694,24,16.30434783,11.77607275,23,2,11.5,34.5,BishopGarrattPotts,
bishop2019,a340,2019,UK,field,perplant,more1,yes,,tripping,fuego,fuego bishop2019,commercial,,,bishop2019 year2,bishop2019_32,bishop2019_1,3,72,69,podnum,6.416666667,4.009951389,24,6.739130435,4.594635126,23,2,11.5,34.5,BishopGarrattPotts,
bishop2019,a341,2019,UK,field,perplant,more1,no,y,open,fuego,fuego bishop2019,commercial,,,bishop2019 year2,bishop2019_32,bishop2019_4,3,72,69,podnum,5.875,3.566907076,24,6.739130435,4.594635126,23,2,11.5,34.5,BishopGarrattPotts,
bishop2019,a342,2019,UK,field,perplant,more1,yes,,tripping,fuego,fuego bishop2019,commercial,,,bishop2019 year2,bishop2019_33,bishop2019_1,3,72,69,yieldmass,7.141875,5.510227568,24,7.175434783,5.68059555,23,2,11.5,34.5,BishopGarrattPotts,
bishop2019,a343,2019,UK,field,perplant,more1,no,y,open,fuego,fuego bishop2019,commercial,,,bishop2019 year2,bishop2019_33,bishop2019_4,3,72,69,yieldmass,5.120958333,3.429990613,24,7.175434783,5.68059555,23,2,11.5,34.5,BishopGarrattPotts,
bishop2019,a344,2019,UK,pot,perplant,1,yes,,hand,fury,fury bishop2019,commercial,,,bishop2019 year2,bishop2019_22,bishop2019_21,1,6,6,beannum,19.16666667,16.27779674,6,11,8.854377448,6,2,3,3,BishopGarrattPotts,
bishop2019,a345,2019,UK,pot,perplant,1,yes,,tripping,fury,fury bishop2019,commercial,,,bishop2019 year2,bishop2019_22,bishop2019_22,1,6,6,beannum,13.33333333,12.90994449,6,11,8.854377448,6,2,3,3,BishopGarrattPotts,
bishop2019,a346,2019,UK,pot,perplant,1,yes,,hand,fury,fury bishop2019,commercial,,,bishop2019 year2,bishop2019_23,bishop2019_21,1,6,6,podnum,7,5.138093031,6,7.333333333,5.202563471,6,2,3,3,BishopGarrattPotts,
bishop2019,a347,2019,UK,pot,perplant,1,yes,,tripping,fury,fury bishop2019,commercial,,,bishop2019 year2,bishop2019_23,bishop2019_22,1,6,6,podnum,5.666666667,5.750362307,6,7.333333333,5.202563471,6,2,3,3,BishopGarrattPotts,
bishop2019,a348,2019,UK,pot,perplant,1,yes,,hand,fury,fury bishop2019,commercial,,,bishop2019 year2,bishop2019_24,bishop2019_21,1,6,6,yieldmass,8.3825,7.3393,6,4.411166,4.1702,6,2,3,3,BishopGarrattPotts,
bishop2019,a349,2019,UK,pot,perplant,1,yes,,tripping,fury,fury bishop2019,commercial,,,bishop2019 year2,bishop2019_24,bishop2019_22,1,6,6,yieldmass,7.03783,7.06979,6,4.411166,4.1702,6,2,3,3,BishopGarrattPotts,
bishop2019,a350,2019,UK,field,perplant,more1,yes,,tripping,fury,fury bishop2019,commercial,,,bishop2019 year2,bishop2019_34,bishop2019_2,3,72,72,beannum,18.58333333,9.112421845,24,20.66666667,10.4991373,24,2,12,36,BishopGarrattPotts,
bishop2019,a351,2019,UK,field,perplant,more1,no,y,open,fury,fury bishop2019,commercial,,,bishop2019 year2,bishop2019_34,bishop2019_5,3,72,72,beannum,19.58333333,10.87044924,24,20.66666667,10.4991373,24,2,12,36,BishopGarrattPotts,
bishop2019,a352,2019,UK,field,perplant,more1,yes,,tripping,fury,fury bishop2019,commercial,,,bishop2019 year2,bishop2019_35,bishop2019_2,3,72,72,podnum,9,3.575277429,24,8.958333333,4.427966131,24,2,12,36,BishopGarrattPotts,
bishop2019,a353,2019,UK,field,perplant,more1,no,y,open,fury,fury bishop2019,commercial,,,bishop2019 year2,bishop2019_35,bishop2019_5,3,72,72,podnum,8.086956522,4.48140647,24,8.958333333,4.427966131,24,2,12,36,BishopGarrattPotts,
bishop2019,a354,2019,UK,field,perplant,more1,yes,,tripping,fury,fury bishop2019,commercial,,,bishop2019 year2,bishop2019_36,bishop2019_2,3,72,72,yieldmass,7.508583333,3.957210787,24,8.434625,4.040200025,24,2,12,36,BishopGarrattPotts,
bishop2019,a355,2019,UK,field,perplant,more1,no,y,open,fury,fury bishop2019,commercial,,,bishop2019 year2,bishop2019_36,bishop2019_5,3,72,72,yieldmass,7.702,4.353625306,24,8.434625,4.040200025,24,2,12,36,BishopGarrattPotts,
bishop2019,a356,2019,UK,pot,perplant,1,yes,,hand,hedin,hedin bishop2019,breeding,,,bishop2019 year2,bishop2019_25,bishop2019_23,1,10,11,beannum,14.3,5.98238154,10,36.18181818,16.30839159,11,2,5.5,5.5,BishopGarrattPotts,
bishop2019,a357,2019,UK,pot,perplant,1,yes,,tripping,hedin,hedin bishop2019,breeding,,,bishop2019 year2,bishop2019_25,bishop2019_24,1,10,11,beannum,19.4,8.65640418,10,36.18181818,16.30839159,11,2,5.5,5.5,BishopGarrattPotts,
bishop2019,a358,2019,UK,pot,perplant,1,yes,,hand,hedin,hedin bishop2019,breeding,,,bishop2019 year2,bishop2019_26,bishop2019_23,1,10,11,podnum,5.2,1.87379591,10,13.54545455,6.298628999,11,2,5.5,5.5,BishopGarrattPotts,
bishop2019,a359,2019,UK,pot,perplant,1,yes,,tripping,hedin,hedin bishop2019,breeding,,,bishop2019 year2,bishop2019_26,bishop2019_24,1,10,11,podnum,6.3,2.790858092,10,13.54545455,6.298628999,11,2,5.5,5.5,BishopGarrattPotts,
bishop2019,a360,2019,UK,pot,perplant,1,yes,,hand,hedin,hedin bishop2019,breeding,,,bishop2019 year2,bishop2019_27,bishop2019_23,1,10,11,yieldmass,3.987,2.11828,10,10.643727,5.3179,11,2,5.5,5.5,BishopGarrattPotts,
bishop2019,a361,2019,UK,pot,perplant,1,yes,,tripping,hedin,hedin bishop2019,breeding,,,bishop2019 year2,bishop2019_27,bishop2019_24,1,10,11,yieldmass,5.9563,3.10037,10,10.643727,5.3179,11,2,5.5,5.5,BishopGarrattPotts,
bishop2019,a362,2019,UK,pot,perplant,1,yes,,hand,vertigo,vertigo bishop2019,commercial,,,bishop2019 year2,bishop2019_28,bishop2019_25,1,10,10,beannum,26.5,11.3063404,10,18.5,15.3061353,10,2,5,5,BishopGarrattPotts,
bishop2019,a363,2019,UK,pot,perplant,1,yes,,tripping,vertigo,vertigo bishop2019,commercial,,,bishop2019 year2,bishop2019_28,bishop2019_26,1,10,10,beannum,15.8,12.32702541,10,18.5,15.3061353,10,2,5,5,BishopGarrattPotts,
bishop2019,a364,2019,UK,pot,perplant,1,yes,,hand,vertigo,vertigo bishop2019,commercial,,,bishop2019 year2,bishop2019_29,bishop2019_25,1,10,10,podnum,8.9,4.01248053,10,6.1,4.863697725,10,2,5,5,BishopGarrattPotts,
bishop2019,a365,2019,UK,pot,perplant,1,yes,,tripping,vertigo,vertigo bishop2019,commercial,,,bishop2019 year2,bishop2019_29,bishop2019_26,1,10,10,podnum,5.4,3.83550663,10,6.1,4.863697725,10,2,5,5,BishopGarrattPotts,
bishop2019,a366,2019,UK,pot,perplant,1,yes,,hand,vertigo,vertigo bishop2019,commercial,,,bishop2019 year2,bishop2019_30,bishop2019_25,1,10,10,yieldmass,12.154,4.9547,10,10.151,7.58136,10,2,5,5,BishopGarrattPotts,
bishop2019,a367,2019,UK,pot,perplant,1,yes,,tripping,vertigo,vertigo bishop2019,commercial,,,bishop2019 year2,bishop2019_30,bishop2019_26,1,10,10,yieldmass,7.7512,6.141559,10,10.151,7.58136,10,2,5,5,BishopGarrattPotts,
bishop2019,a368,2019,UK,field,perplant,more1,yes,,tripping,vertigo,vertigo bishop2019,commercial,,,bishop2019 year2,bishop2019_37,bishop2019_3,3,72,69,beannum,16.16666667,10.80928211,24,15.52173913,5.945736174,23,2,11.5,34.5,BishopGarrattPotts,
bishop2019,a369,2019,UK,field,perplant,more1,no,y,open,vertigo,vertigo bishop2019,commercial,,,bishop2019 year2,bishop2019_37,bishop2019_6,3,72,69,beannum,19.75,9.391254026,24,15.52173913,5.945736174,23,2,11.5,34.5,BishopGarrattPotts,
bishop2019,a370,2019,UK,field,perplant,more1,yes,,tripping,vertigo,vertigo bishop2019,commercial,,,bishop2019 year2,bishop2019_38,bishop2019_3,3,72,69,podnum,6.458333333,4.481645337,24,6,2.570738348,23,2,11.5,34.5,BishopGarrattPotts,
bishop2019,a371,2019,UK,field,perplant,more1,no,y,open,vertigo,vertigo bishop2019,commercial,,,bishop2019 year2,bishop2019_38,bishop2019_6,3,72,69,podnum,7.833333333,3.434690881,24,6,2.570738348,23,2,11.5,34.5,BishopGarrattPotts,
bishop2019,a372,2019,UK,field,perplant,more1,yes,,tripping,vertigo,vertigo bishop2019,commercial,,,bishop2019 year2,bishop2019_39,bishop2019_3,3,72,69,yieldmass,7.488458333,5.532502971,24,6.545826087,2.620465567,23,2,11.5,34.5,BishopGarrattPotts,
bishop2019,a373,2019,UK,field,perplant,more1,no,y,open,vertigo,vertigo bishop2019,commercial,,,bishop2019 year2,bishop2019_39,bishop2019_6,3,72,69,yieldmass,8.008695652,4.297187901,24,6.545826087,2.620465567,23,2,11.5,34.5,BishopGarrattPotts,
